,Business ID,Total Check-Ins,2019-01,2019-02,2019-03,2019-04,2019-05,2019-06,2019-07,2019-08,2019-09,2019-10,2019-11,2019-12,Name,City,State,Category,Rating,Review Count
0,-1m9o3vGRA8IBPNvNqKLmA,218,19,20,13,17,20,14,18,29,19,24,19,6,Bavette's Steakhouse & Bar - Temporarily Closed,Las Vegas,NV, steak bars newamerican,4.5,542.0
2,-9dmhyBvepc08KPEHlEM0w,247,6,11,10,24,25,22,41,44,25,26,9,4,CN Tower,Toronto,ON, landmarks observatories,4.0,782.0
3,-ADtl9bLp8wNqYX1k3KuxA,225,25,27,22,22,21,7,18,19,18,15,24,7,Ichi Ramen House,Las Vegas,NV, ramen asianfusion sushi,4.0,685.0
6,-LzUYsR54hd8cCiYXTquRA,229,41,32,33,19,21,17,15,15,14,9,11,2,Medley Buffet,Las Vegas,NV, buffets,3.0,528.0
8,-Qkx7W0itbAApcG5lJuMFQ,1048,83,66,115,93,121,78,113,127,85,59,75,33,Jaburritos,Las Vegas,NV, japanese sushi seafood,4.5,634.0
11,-WLrZPzjKfrftLWaCi1QZQ,215,21,22,17,21,15,27,21,18,19,11,18,5,Blueberry Hill Family Restaurant,Las Vegas,NV, diners breakfast_brunch,4.0,1081.0
13,-_TSaVr53qiEGqMkwyEMaQ,424,43,24,39,38,49,38,43,36,36,25,33,20,Parsley Modern Mediterranean,Las Vegas,NV, mediterranean mideastern greek,4.0,631.0
14,-a857YYdjzgOdOjFFRsRXQ,265,24,12,27,37,26,13,28,21,19,26,23,9,Beer Park,Las Vegas,NV, beerbar cocktailbars tradamerican,4.0,811.0
16,-ed0Yc9on37RoIoG2ZgxBA,420,47,37,47,30,30,43,38,38,37,33,32,8,Le Thai,Las Vegas,NV, thai beergardens,4.0,2003.0
18,-io9loC11Z73p_QDAWytpA,356,0,0,38,47,43,47,42,41,36,23,28,11,Scenic Brewing Company,Las Vegas,NV, sportsbars breweries newamerican,4.5,250.0
21,-oUM2uISux96lMGeawHIOA,582,38,48,47,28,63,52,73,57,51,62,45,18,Sugar Factory,Las Vegas,NV, candy bars tradamerican,3.5,1409.0
22,-qYuPncpK8elgD-6Qx3v7A,615,30,45,63,68,72,50,61,62,73,35,40,16,Flock & Fowl,Las Vegas,NV, asianfusion newamerican singaporean,4.0,478.0
23,-wvWO7UlQNK2IprIukH9uQ,214,13,17,46,32,36,21,14,11,8,11,2,3,Jon Smith Subs,Las Vegas,NV, hotdogs delis sandwiches,4.0,167.0
24,-zbcosKSMGDhaZYN-CrcVA,265,17,19,20,28,26,21,33,33,21,19,20,8,Target,Las Vegas,NV, deptstores furniture electronics,3.5,141.0
25,01VPJkcU0m8WzlA7dCEpVQ,245,23,22,21,17,13,4,15,25,10,18,58,19,Tea Space,Las Vegas,NV, coffee bubbletea,4.5,373.0
26,01fuY2NNscttoTxOYbuZXw,230,11,20,29,20,26,24,20,21,16,21,21,1,Pinky's Westside Grill,Charlotte,NC, burgers tradamerican salad,4.0,1211.0
29,07AZL5XenCQ_-op_onKLdw,253,27,16,18,12,22,32,27,29,37,18,9,6,BLT Steak - Temporarily Closed,Las Vegas,NV, steak,4.0,696.0
31,0EgYXYjt2XJL4hlsKnzrcw,369,30,38,32,39,28,29,36,19,32,32,38,16,PublicUs,Las Vegas,NV, cafes coffee newamerican,4.5,1160.0
40,0WoQQlMXVIDEgI0xNdENKA,245,27,25,22,21,20,17,18,21,26,21,23,4,Feast Buffet,Las Vegas,NV, buffets,3.5,767.0
41,0_aeYE2-VbsZts_UpILgDw,377,32,22,40,36,35,33,39,38,30,32,28,12,Lazy Dog Restaurant & Bar,Las Vegas,NV, newamerican comfortfood burgers,4.0,1582.0
42,0d0i0FaJq1GIeW1rS2D-5w,659,48,55,59,58,77,63,70,59,54,46,44,26,Bruxie,Las Vegas,NV, breakfast_brunch sandwiches chickenshop,4.5,1917.0
43,0j7VWa5uGebj_94C1K2i2g,202,23,14,25,16,15,20,19,14,15,15,19,7,Walmart Supercenter,Las Vegas,NV, deptstores grocery,2.5,155.0
44,0w3BdEOxvwKTpypwbN5kiQ,222,18,8,17,17,13,23,29,23,23,18,20,13,Tofu Hut,Las Vegas,NV, korean bbq,3.5,774.0
45,0wW9PasC8pw8SY7rlY3ZKw,264,31,21,29,31,20,14,29,24,21,16,22,6,Fish King Grill,Las Vegas,NV, seafood cajun southern,4.5,428.0
49,1CP8aJa8ILlfM5deroar0Q,244,1,4,2,1,1,3,70,110,20,5,24,3,Wingstop,Las Vegas,NV, chicken_wings,3.0,199.0
50,1DP5vHxJzCDbgawv0WC3yA,220,25,7,8,15,18,21,19,17,25,28,23,14,Rose Rabbit Lie,Las Vegas,NV, theater newamerican cocktailbars,4.0,1136.0
53,1TTQ41NqKks69GltQSQNIA,210,22,18,10,13,21,27,17,25,15,17,16,9,Suncoast Hotel & Casino,Las Vegas,NV, hotels casinos,3.0,475.0
55,1aEk5vowhhTa-C3EqxdEFw,318,27,27,28,29,26,33,27,37,29,23,23,9,Soru Ramen,Las Vegas,NV, ramen japacurry,4.0,202.0
56,1aMxCG33wAoxjWoeRsl4BA,321,20,9,17,20,40,33,34,41,32,34,31,10,Brioche by Guy Savoy - Temporarily Closed,Las Vegas,NV, coffee bakeries french,3.5,90.0
57,1aVbXH_4uQCTQU7HfGmyow,1261,117,104,142,110,139,95,117,117,106,97,89,28,Brew Tea Bar,Las Vegas,NV, coffee bubbletea,5.0,546.0
58,1bdwB6hxMUnSKF8bCsmuZA,365,36,25,46,32,33,33,34,44,22,23,30,7,Tea of Joy,Las Vegas,NV, bubbletea juicebars tea,4.0,391.0
61,1t5hd9IXLpBOv3ICtk-bCw,405,45,39,45,42,35,42,51,29,25,33,16,3,Dutch Bros Coffee,Las Vegas,NV, coffee juicebars,4.5,248.0
62,1u6-Fy87nmWyGlG0VA1jqQ,438,36,25,42,32,27,50,39,38,35,51,43,20,Walmart Supercenter,Las Vegas,NV, grocery deptstores,2.5,129.0
63,1ufk_GFAX_5foAZnbM_U6A,953,65,60,76,63,70,62,74,97,123,118,104,41,McCarran Airport Terminal 1,Las Vegas,NV, airportterminals,3.5,84.0
64,1xB0Qf2-TN6CQ5c4Fh7vqg,305,40,18,22,45,39,37,40,31,14,9,9,1,Taiyaki NYC - Toronto,Toronto,ON, icecream desserts japanese,4.0,261.0
65,2OJrznHaA4Gz_KYbQnAuzQ,213,19,12,18,20,25,15,20,24,19,20,18,3,Volcano Tea House,Las Vegas,NV, coffee bubbletea icecream,3.5,418.0
66,2SfSzEd3B7WimeZac23zhg,222,29,25,28,19,29,27,20,6,1,10,20,8,Leoné Café,Las Vegas,NV, cafes breakfast_brunch,4.5,851.0
68,2_qLxCT0jHM8Xqk6PEwrBw,336,31,29,29,47,24,22,31,33,31,26,22,11,Slater's 50/50,Las Vegas,NV, burgers newamerican sportsbars,4.5,900.0
70,2cKAew-9iLS-mo-TtOgFiA,240,0,0,8,51,57,25,17,25,21,16,13,7,Raku,Toronto,ON, japanese noodles,4.0,214.0
71,2iTsRqUsPGRH1li1WVRvKQ,335,35,30,29,32,35,25,22,32,28,29,30,8,Carson Kitchen,Las Vegas,NV, newamerican desserts cocktailbars,4.5,2388.0
72,2j78b8m1w4Sr2GVGCzFBtQ,425,28,26,38,41,45,50,49,40,28,37,33,10,Que Onda Tacos + Tequila,Charlotte,NC, mexican bars,4.0,315.0
73,2lUp2T09MltaVT5awHRElA,258,24,21,29,29,21,35,39,36,24,0,0,0,I. C. China Bistro,Las Vegas,NV, chinese,4.5,183.0
74,2s2ww6WaulfOEI16s1uyDg,206,35,18,63,19,9,14,18,8,9,10,3,0,Cafe Darak,Las Vegas,NV, coffee desserts,4.5,408.0
75,2sx52lDoiEtef7xgPCaoBw,706,68,62,71,71,57,70,67,70,55,37,60,18,VegeNation,Las Vegas,NV, vegan,4.5,1692.0
79,3BCsAgo_1i4xMuTyLKMLRQ,431,48,35,62,45,38,27,33,49,32,28,26,8,SkinnyFATS,Las Vegas,NV, juicebars newamerican breakfast_brunch,4.5,2592.0
80,3BTFQ0FTvNK9SR8zmjz0CQ,279,0,15,37,37,26,20,16,29,38,37,15,9,Lamaii,Las Vegas,NV, thai wine_bars cocktailbars,4.5,197.0
83,3GEEy7RP6e4bT4LAiWFMFQ,476,44,34,47,47,30,40,46,52,50,40,39,7,Pizza Rock,Las Vegas,NV, pizza,4.0,2499.0
84,3Jq5LfJ5fmJ5KmuA6VHmzw,597,56,44,53,62,47,60,56,61,56,52,37,13,Topgolf,Las Vegas,NV, golf newamerican sportsbars,4.0,1478.0
87,3Mx4renubPRnjHUw1n2UkA,280,24,18,31,17,30,22,34,20,31,22,26,5,OMNIA Nightclub-Temporarily Closed,Las Vegas,NV, danceclubs bars adultentertainment,3.0,1354.0
88,3OcNWCV7VrJu1qRGWEPBsg,204,4,11,12,22,23,21,18,21,19,27,16,10,The Club LAS Terminal 1,Las Vegas,NV, airportlounges,3.0,154.0
89,3OxQiVUgZBAoELGRCgkEZw,386,12,36,38,40,41,57,45,53,24,18,19,3,Tea Way Plus,Las Vegas,NV, bubbletea coffee juicebars,5.0,151.0
90,3QQdF1RT43sVq2YxeE_iHw,254,35,30,36,36,33,18,20,16,9,12,7,2,My Pie Pizza,Las Vegas,NV, pizza,4.5,149.0
91,3_QNAH8yVzY0sBPftWyNhQ,629,24,26,44,43,55,73,78,77,47,72,69,21,The Foot Spa,Las Vegas,NV, massage massage_therapy,4.0,1103.0
93,3kdSl5mo9dWC4clrQjEDGg,2683,190,191,226,230,264,241,280,295,200,220,284,62,Egg & I,Las Vegas,NV, breakfast_brunch burgers tradamerican,4.5,4129.0
95,3rJJeMOkVi_wEura5UCQqw,365,23,17,30,52,33,33,31,45,29,31,36,5,Massage Envy - Rock Spring,Las Vegas,NV, massage skincare massage_therapy,3.5,85.0
99,3xmfT7l3xNH5LK1dLzfvGw,598,47,45,74,49,61,70,52,45,49,47,41,18,Fremont Street Experience,Las Vegas,NV, bars casinos,3.5,1693.0
102,4JNXUYY8wbaaDmk3BPzlWw,1230,118,126,101,91,109,115,111,106,110,92,118,33,Mon Ami Gabi,Las Vegas,NV, french steak breakfast_brunch,4.0,9445.0
103,4KOE7t4kYbYPMqWF3jU1Vg,528,0,0,0,0,11,126,166,82,51,46,35,11,Cubanidad,Las Vegas,NV, cuban sandwiches,4.5,380.0
104,4Nj2ktP2NjCbv2aKeH3ZBg,317,21,39,38,24,27,21,23,30,28,16,40,10,Vesta Coffee Roasters,Las Vegas,NV, coffeeroasteries coffee breakfast_brunch,4.5,408.0
105,4OFeBLswQw8bJbkAtmYuAA,358,9,30,40,53,38,41,41,23,33,26,17,7,Vegas Discount Nutrition SUPERSTORE,Las Vegas,NV, vitaminssupplements healthmarkets,5.0,52.0
106,4Pl-ziYL2oerGyIPlwVdmA,370,29,28,21,24,51,31,40,44,28,32,39,3,Chuchote Thai Bistro & Desserts,Las Vegas,NV, thai desserts,4.5,403.0
108,4ZbRwCB9oGibxK21MUZKHA,213,27,17,25,23,15,21,21,14,17,13,15,5,Smith's,Las Vegas,NV, grocery drugstores delis,2.5,101.0
109,4aCun88uZMOsAoymY5Li3w,285,20,13,33,15,30,34,43,24,9,24,33,7,Icy Juicy,Las Vegas,NV, taiwanese coffee desserts,3.5,438.0
110,4fGGeKlUY3SwqLW4SH_QnQ,224,32,20,40,25,30,17,19,10,9,10,6,6,Cafe Lola,Las Vegas,NV, cafes coffee,4.0,377.0
111,4k3RlMAMd46DZ_JyZU0lMg,602,59,37,47,55,58,58,67,64,47,53,41,16,Ramen Sora,Las Vegas,NV, ramen noodles soup,4.0,1612.0
112,4oxLboB6UEcBxRwEjMrXag,202,15,15,24,19,14,13,17,16,25,21,19,4,Exploration Peak Park,Las Vegas,NV, parks playgrounds,4.5,236.0
113,4qG3Gh8QyugC1XvoTlmgcQ,718,46,44,56,49,75,62,79,81,96,65,48,17,Egg Works,Las Vegas,NV, tradamerican breakfast_brunch burgers,4.5,887.0
114,4x_3EXJoJHx7A0-2m39jcw,240,27,30,12,22,15,14,26,26,22,26,15,5,Mutao Wellness Spa,Las Vegas,NV, massage reflexology spas,4.5,285.0
118,56Ll9rqG2WxXj4X2pmlkHQ,369,43,29,29,36,39,36,33,36,31,23,28,6,Sweet Tomatoes,Las Vegas,NV, buffets vegetarian salad,3.5,320.0
119,5DC9qePg09CHwAFVmqNjjg,464,39,43,40,45,35,36,63,42,38,37,32,14,Fries N' Pies,Las Vegas,NV, pizza beer_and_wine poutineries,4.5,318.0
122,5LNZ67Yw9RD6nf4_UhXOjw,2046,198,193,218,180,157,147,175,167,188,162,190,71,The Cosmopolitan of Las Vegas,Las Vegas,NV, hotels casinos,4.0,4809.0
125,5WjFHat0vyx0OYtGbTpyag,491,24,25,75,56,44,44,40,61,46,33,25,18,Pacific Island Taste,Las Vegas,NV, hawaiian breakfast_brunch poke,4.5,227.0
129,5exz18duMXvg91ZPdNX3eA,201,31,15,28,11,27,16,20,14,8,11,15,5,Blue Ribbon Fried Chicken - Grand Bazaar,Las Vegas,NV, chickenshop,4.0,535.0
130,5keoVVM81g-nJw0Zdpl1nA,441,34,38,38,30,50,31,40,55,42,30,39,14,Evel Pie,Las Vegas,NV, pizza bars,4.5,851.0
131,5ma1OUQWy_Ds80xUiP7JPQ,228,27,17,22,13,18,24,19,20,30,20,12,6,Fuku Burger Chinatown,Las Vegas,NV, burgers,4.5,664.0
134,5rM7TlOWC_PlLIBbkiF-EA,228,38,30,26,22,13,32,19,7,2,17,14,8,Planet Fitness,Las Vegas,NV, gyms,3.5,65.0
137,63GKC3-BW8JY0YZewDj7XA,311,33,25,27,28,28,22,28,28,30,21,30,11,A Better Day Pigeon Control,Las Vegas,NV, pest_control pressurewashers solarpanelcleaning,4.5,68.0
140,6Ct57qgmXwOnzfSZoUGh0Q,577,54,54,56,43,47,51,40,61,47,47,40,37,Bally's Las Vegas Hotel & Casino - Temporarily Closed,Las Vegas,NV, hotels casinos,3.0,2249.0
141,6Q7-wkCPc1KF75jZLOTcMw,348,24,24,32,32,23,37,54,42,12,30,34,4,Circus Circus Las Vegas Hotel and Casino,Las Vegas,NV, hotels casinos,2.0,3081.0
142,6T39H2dGUnrM91WqvR0VcQ,293,15,16,29,28,33,35,51,29,15,21,18,3,Mr Tea,Las Vegas,NV, bubbletea juicebars,4.5,495.0
143,6TRoNO3U2h5xHKYawKWnJg,371,0,0,0,0,67,143,74,45,25,15,1,1,nightea,Las Vegas,NV, coffee bubbletea juicebars,4.5,66.0
146,6fz0hnNIVpLF5v2NqJfA9w,273,25,26,30,23,27,13,30,24,18,24,28,5,Babystacks Cafe,Las Vegas,NV, breakfast_brunch tradamerican filipino,4.0,480.0
147,6hZgMg9rnDCC0RBVRlkZwQ,226,18,13,17,12,10,20,20,24,24,35,26,7,Mr Tokyo Japanese Restaurant,Charlotte,NC, japanese sushi salad,4.0,505.0
150,77h11eWv6HKJAgojLx8G4w,1165,111,108,111,102,98,83,113,102,106,89,105,37,Eggslut,Las Vegas,NV, breakfast_brunch sandwiches,4.0,2610.0
151,7GHtTixfTGFxx3JG2NdEdQ,219,16,32,22,15,19,36,20,20,12,5,12,10,Nevada Climbing Center,Las Vegas,NV, climbing,4.5,162.0
152,7HIa2lYy5jgcZuADlRjKSg,215,7,27,24,21,26,17,9,18,17,17,23,9,Starbucks,Las Vegas,NV, coffee,3.0,156.0
156,7SJoMX5ti-VoEsEW6mJLRA,304,37,24,29,24,23,31,5,31,49,18,27,6,The Smith Center,Las Vegas,NV, theater,4.5,403.0
157,7XiRql62fRgP7RC08FizTA,236,27,20,15,18,23,25,22,21,24,13,18,10,Ghost Donkey,Las Vegas,NV, mexican cocktailbars speakeasies,4.5,191.0
158,7enchAqu62VvXXLkxdQnLQ,322,0,0,0,0,0,0,35,49,112,59,47,20,Valencian Gold,Las Vegas,NV, spanish tapasmallplates mediterranean,4.5,232.0
159,7hWNnAj4VwK6FAUBN8E8lg,233,13,26,23,25,25,24,18,21,28,15,10,5,EDO Gastro Tapas & Wine,Las Vegas,NV, tapasmallplates spanish,4.5,418.0
160,7sb2FYLS2sejZKxRYF9mtg,775,69,63,53,50,72,68,73,81,68,70,80,28,Sakana,Las Vegas,NV, japanese sushi bars,4.5,2684.0
164,7wMCJ9NqL9eBEX4WdJWuIA,765,51,50,57,66,86,84,87,81,66,70,50,17,Outback Steakhouse,Las Vegas,NV, steak,4.0,198.0
165,8-8btzuYZCqEVOPwk0YYfA,323,42,42,33,33,23,26,24,25,26,22,21,6,Gen Korean BBQ House,Las Vegas,NV, korean bbq,4.0,554.0
166,81WMGpA8CVYlPhuhZatkXw,206,27,22,15,25,27,18,20,9,15,15,9,4,Aria Patisserie - Temporarily Closed,Las Vegas,NV, coffee cakeshop breakfast_brunch,3.5,149.0
167,82YGtjc5KKikNiqBZ33qzw,514,35,32,45,45,40,29,28,74,61,54,43,28,Kyara Japanese Tapas,Las Vegas,NV, japanese tapas desserts,4.0,610.0
168,82g1PwX5FvclqqdjJHcVNA,267,29,36,34,27,22,27,17,18,21,15,15,6,Bomb Tacos,Las Vegas,NV, tacos,4.0,547.0
172,8IhjRWSkD4P5YWYhBOme3Q,380,38,32,41,53,39,27,21,32,31,30,25,11,The Parlor Aveda,Las Vegas,NV, hair,5.0,96.0
174,8Rldc7fp2Bbp7NDae_HGRg,1313,0,0,0,161,180,181,104,104,154,200,195,34,The Camp Transformation Center - Las Vegas West,Las Vegas,NV, gyms weightlosscenters,5.0,9.0
176,8Yz1eFsaUy-ny3B6YZDOrg,873,35,127,59,42,118,140,90,49,52,84,57,20,Outback Steakhouse,Las Vegas,NV, steak,3.5,408.0
177,8bZel-JgYDJFlnZo9ET4Pw,262,24,3,8,5,12,38,49,29,26,35,28,5,XY Foot Spa,Las Vegas,NV, massage spas reflexology,4.5,589.0
180,8mIrX_LrOnAqWsB5JrOojQ,232,24,18,12,18,17,27,20,27,14,20,30,5,Pinball Hall Of Fame,Las Vegas,NV, arcades,4.5,1461.0
182,8zO1gDlfujftc6ZJr43nHA,409,67,28,40,36,29,35,27,34,35,31,36,11,Parsley Modern Mediterranean,Las Vegas,NV, mediterranean vegan vegetarian,4.5,152.0
183,9-cVW8wSRoE6Nmnc7v0uUA,207,21,20,15,12,14,18,24,21,18,17,24,3,Pantry,Las Vegas,NV, tradamerican,3.5,814.0
184,90gxBZhbg9XcTLdPrwoaXA,363,35,37,42,37,29,38,26,39,23,30,17,10,Crumbl Cookies - Las Vegas,Las Vegas,NV, desserts bakeries icecream,4.5,406.0
185,94c68u2I7X6YK54hrjy7FQ,209,16,25,23,16,24,16,21,13,15,14,21,5,Co Anh Sandwich & Noodle Kitchen,Las Vegas,NV, vietnamese noodles sandwiches,4.5,178.0
187,9PIC380tmNYpIC3z5cvcNA,555,64,63,64,41,45,46,53,53,43,29,40,14,Is Sweet,Las Vegas,NV, coffee desserts,4.5,836.0
188,9SU7ZZhaFUJJ6m2k5HKHeg,375,31,37,57,30,34,42,27,39,14,25,33,6,SAHARA Las Vegas,Las Vegas,NV, hotels casinos,3.0,2288.0
190,9XXeFt-S-mlVVk2eccQanQ,249,0,0,0,49,36,47,47,47,16,1,6,0,Kaos Dayclub and Nightclub,Las Vegas,NV, danceclubs musicvenues lounges,2.5,308.0
192,9edPSkfXKsJmkZYIaOmA7Q,700,71,55,69,74,65,51,65,60,42,55,77,16,Las Vegas South Premium Outlets,Las Vegas,NV, shoppingcenters outlet_stores,3.5,527.0
193,9fTDeI6mApFX52qYJ8z0mw,294,32,35,23,32,31,16,18,26,24,26,24,7,Dutch Bros Coffee,Las Vegas,NV, coffee juicebars,4.5,937.0
194,9km51KaQujxsSgdaG9gYSw,763,53,44,61,44,41,74,85,88,109,85,70,9,Paina Cafe,Las Vegas,NV, poke hawaiian donuts,4.5,564.0
195,9vG7UBYjYLDNb3VS1EZqEw,1505,95,73,83,82,77,76,136,176,175,215,215,102,Simply Skin Las Vegas,Las Vegas,NV, laser_hair_removal skincare tattooremoval,5.0,304.0
197,A-uZAD4zP3rRxb44WUGV5w,411,44,30,37,31,37,33,41,39,39,39,31,10,Soho Japanese Restaurant,Las Vegas,NV, japanese sushi asianfusion,4.5,1716.0
198,A22VviMhaGplsabsXhxBTg,544,0,7,15,29,36,54,95,52,54,69,87,46,Tomi Ramen,Las Vegas,NV, ramen,4.5,223.0
199,A5Rkh7UymKm0_Rxm9K2PJw,407,34,37,54,37,48,32,37,34,25,27,28,14,Yard House - Takeout & Delivery Available,Las Vegas,NV, newamerican bars vegetarian,4.0,1566.0
201,AALUV62lWxxVqDYaK-ckMw,452,42,34,37,40,35,34,42,55,39,41,38,15,Costco Gasoline,Las Vegas,NV, servicestations,4.5,55.0
202,ALwAlxItASeEs2vYAeLXHA,235,14,16,23,21,28,22,26,25,12,19,20,9,Futo Buta,Charlotte,NC, ramen,4.0,1245.0
203,ATaDg2kdS9GTln1-tS6iIw,1408,126,98,160,129,152,157,146,154,117,80,75,14,EAT BKK Thai Kitchen & Bar,Toronto,ON, thai,4.5,209.0
204,AV6weBrZFFBfRGCbcRGO4g,688,63,78,48,70,54,61,64,52,63,61,51,23,Luxor Hotel and Casino Las Vegas,Las Vegas,NV, hotels casinos resorts,2.5,4744.0
206,AfVp8ozD_4maZMos6AC2cQ,380,34,42,39,31,29,29,40,31,36,32,27,10,District: Donuts. Sliders. Brew,Las Vegas,NV, comfortfood coffee donuts,4.0,317.0
208,Ai5mo_6JivsrywF9Qae1pQ,211,10,10,18,21,8,9,16,24,35,25,21,14,BTS Korean Buffet Restaurant,Las Vegas,NV, korean buffets,4.5,368.0
212,Az_60nNuh1FH8Ds8oasZjw,427,35,36,32,37,34,34,44,38,40,35,49,13,Encore,Las Vegas,NV, hotels casinos resorts,4.0,2064.0
213,Azy2vmC47uHSkZE2fdvBjA,297,27,29,26,31,45,29,24,19,20,21,24,2,Brewers at 4001 Yancey,Charlotte,NC, brewpubs newamerican,4.5,341.0
214,B1nx3iQSafeHjN0uhpW4Kg,288,45,36,29,29,29,24,18,21,15,21,17,4,Mabel's BBQ,Las Vegas,NV, bbq breakfast_brunch,4.0,345.0
215,BFibmswPtBNyChp8vBHRsg,995,108,109,105,61,92,73,97,90,72,78,78,32,Gäbi Coffee & Bakery,Las Vegas,NV, bakeries coffee,4.0,1277.0
217,BIBWGO_r_1znnlmLbp4Nxg,617,41,39,50,59,57,50,76,65,56,54,53,17,Golden Nugget,Las Vegas,NV, hotels casinos,3.0,2261.0
218,BIuXMWuQIlC1ZlC3lTzy-w,319,37,31,37,28,37,24,39,29,16,10,23,8,Konbea Belt Sushi,Las Vegas,NV, conveyorsushi sushi asianfusion,4.5,600.0
219,BLIJ-p5wYuAhw6Pp6mh6mw,982,72,89,78,114,77,78,91,95,90,79,97,22,Planet Hollywood Las Vegas Resort & Casino - Temporarily Closed,Las Vegas,NV, hotels casinos,3.0,3272.0
220,BORPULADzZV6_LJZzcsywQ,327,36,26,32,18,44,24,28,39,29,15,31,5,PBR Rock Bar & Grill,Las Vegas,NV, bars tradamerican breakfast_brunch,3.0,1103.0
222,BWCfyBdnTvuXp6A_8wt8cA,295,0,0,19,43,39,39,20,19,32,34,41,9,Ikkousha Ramen,Toronto,ON, ramen,4.5,206.0
224,Bh3fRjirjRYDl2tufa42UA,1052,137,99,83,114,120,88,88,92,60,69,68,34,Tacotarian,Las Vegas,NV, mexican vegan,4.5,518.0
226,BjrKNWhtQkedHw8hP_0Bjg,2683,26,30,143,764,761,588,207,53,38,25,41,7,Umami,Las Vegas,NV, japanese sushi desserts,4.5,785.0
229,ByFMv3p5X1aNeZhU61rDcA,346,28,31,30,29,24,42,30,36,35,23,24,14,The STRAT Hotel,Las Vegas,NV, hotels casinos,2.5,2613.0
230,C133mywi5QcjV6WGztf6mw,216,0,0,4,30,16,20,20,25,21,29,37,14,Angelina's Pizzeria & Italian Kitchens,Las Vegas,NV, pizza italian,4.0,98.0
233,C9ImzBi5fn742ZcAYDww2A,246,23,24,30,18,25,21,31,21,18,14,14,7,Rise & Shine - A Steak & Egg Place,Las Vegas,NV, breakfast_brunch steak tradamerican,4.0,1655.0
235,CPi7KGba3x3QjMmIqD4aWw,521,44,27,34,47,49,53,60,71,32,42,49,13,Game Nest Arcade,Las Vegas,NV, arcades,5.0,184.0
237,CVKOPzBVOj3_apFUmZ9ZWw,568,50,50,61,37,58,49,58,51,36,43,63,12,Gordon Ramsay Fish & Chips - Temporarily Closed,Las Vegas,NV, comfortfood seafood fishnchips,4.0,1665.0
239,CcQCwULrYb37Bd86609yzg,274,43,37,37,20,18,18,18,21,19,9,22,12,Spoiled Laser,Las Vegas,NV, medicalspa laser_hair_removal skincare,5.0,141.0
240,CdxWhFBtjl0LBqlQEfxX8A,2968,222,211,197,139,154,243,404,312,286,377,303,120,Pronto by Giada - Temporarily Closed,Las Vegas,NV, sandwiches bakeries coffee,3.5,600.0
242,CiYLq33nAyghFkUR15pP-Q,334,30,25,27,26,28,17,38,28,42,18,40,15,Tacos El Gordo,Las Vegas,NV, tacos,4.0,1851.0
243,Cly7wJhbXIDID_quND01_w,394,48,41,53,26,39,33,38,26,35,22,20,13,Flower Child,Las Vegas,NV, newamerican salad vegetarian,4.5,583.0
244,CoyeXg8FBsS_d20QzNIy-A,375,45,45,50,34,33,27,23,21,25,35,33,4,Makers & Finders,Las Vegas,NV, coffee latin breakfast_brunch,4.0,1248.0
245,Cy8XYYDrZ5wd3Bq-toXMsg,238,26,23,15,23,17,21,24,26,17,24,19,3,Hachi,Las Vegas,NV, japanese tapasmallplates,4.5,383.0
248,D6WXf0lB4pfuXZH3P7c5Ow,252,26,26,23,18,33,22,15,29,16,19,16,9,Oodle Noodle,Las Vegas,NV, noodles izakaya,4.5,367.0
249,D8yYMxz0p6oQnOQnLRUIyA,741,54,91,81,91,72,75,50,104,40,28,39,16,Noodle House,Las Vegas,NV, taiwanese dimsum,3.5,961.0
250,DESv2ys6SjBKA4SyDtJvxw,329,20,25,28,26,41,45,31,23,28,21,33,8,Ferraro's Italian Restaurant & Wine Bar,Las Vegas,NV, italian wine_bars,4.5,1191.0
252,DNSDAtD6uxQkoZkQe2v4ew,297,36,37,36,33,28,17,24,11,29,14,26,6,Curry Leaf Flavors of India,Las Vegas,NV, indpak desserts bars,4.5,615.0
254,DYuOxkW4DtlJsTHdxdXSlg,234,19,13,26,20,23,27,22,21,19,19,15,10,Bahama Breeze - Curbside To Go & Delivery,Las Vegas,NV, bars seafood latin,4.0,1025.0
256,D_24gRsnae7guxJE8gLgtw,1372,138,120,126,132,109,113,156,113,119,124,103,19,Cafe 86,Las Vegas,NV, desserts coffee bakeries,4.0,524.0
257,DbEszO3wk1xVmN3pCPob2g,651,64,69,74,45,57,52,56,51,55,53,56,19,Jamms Restaurant,Las Vegas,NV, breakfast_brunch tradamerican newamerican,4.5,1276.0
258,DfgZlNgKwBvCpA_0alumXw,767,61,55,66,78,57,76,80,67,53,74,78,22,The Mirage,Las Vegas,NV, hotels casinos resorts,3.0,2527.0
259,DkYS3arLOhA8si5uUEmHOw,435,37,42,40,42,45,38,38,43,39,24,35,12,Earl of Sandwich,Las Vegas,NV, sandwiches salad wraps,4.5,5256.0
261,DxgSVufr_6y_Rc63CC17Zg,309,27,25,30,31,26,30,26,28,23,22,32,9,The Forum Shops at Caesars,Las Vegas,NV, shoppingcenters,4.0,711.0
262,DyOzNIeXUksPNLXYHnB-oQ,424,54,41,38,37,31,35,50,37,33,40,17,11,Sabor Latin Street Grill,Charlotte,NC, latin mexican,4.5,866.0
263,DzKl51tivGJMLiNsQqf38w,282,24,26,23,32,17,25,32,27,28,20,18,10,Island Sushi & Grill,Las Vegas,NV, sushi japanese hawaiian,4.0,1151.0
265,E62l6LwZJ7lKaExcUbrtYw,237,16,19,27,18,25,27,17,38,22,12,11,5,Hikari Sushi & Teppanyaki,Las Vegas,NV, sushi teppanyaki cajun,4.0,1282.0
267,EAwh1OmG6t6p3nRaZOW_AA,526,48,44,49,50,40,59,44,33,42,50,43,24,"Ellis Island Hotel, Casino & Brewery",Las Vegas,NV, casinos breweries pubs,4.0,2442.0
269,EEWQsBjVkeXqIMXqdIeRMg,314,19,32,13,33,42,34,31,33,25,23,21,8,Deja Vu Love Boutique,Las Vegas,NV, lingerie adult,4.5,157.0
271,EO2LIIpXIsaP30Sf3ZKTNg,439,0,0,0,0,100,55,75,58,54,40,43,14,Sharetea,Las Vegas,NV, bubbletea coffee shavedice,4.0,130.0
273,ES0ijQ-KlNPUoXl4tK1tDQ,292,24,22,38,23,33,36,20,29,30,11,21,5,SouthPark,Charlotte,NC, shoppingcenters,4.0,234.0
274,EVlKBiHSr2ZUk9GsWwW_Yw,340,31,31,46,26,26,25,38,38,27,14,25,13,Once,Las Vegas,NV, peruvian japanese,4.0,252.0
275,EWbNTPW0co_X4lZRB-QTLQ,357,19,21,17,23,47,40,35,36,41,24,32,22,Ocha Thai Cuisine,Las Vegas,NV, thai chinese,4.0,535.0
277,Ec9CBmL3285XkeHaNp-bSQ,658,72,48,53,44,71,70,52,72,59,40,54,23,District One Kitchen and Bar,Las Vegas,NV, asianfusion vietnamese sportsbars,4.0,1784.0
278,EdY6q0CO2mlATpoTFkvHAw,205,18,18,17,18,22,20,16,16,15,25,17,3,Dim Sum Cafe,Las Vegas,NV, dimsum cafes,4.0,529.0
279,Ef5P6C2yHAv08FPif5Rdtg,204,20,26,23,12,19,26,12,10,23,10,18,5,8oz Korean Steak House,Las Vegas,NV, korean bbq steak,4.5,442.0
280,EhIMjTklf4QPvRvMIhoQiA,331,16,19,37,32,27,43,26,34,30,29,29,9,Miracle Mile Shops,Las Vegas,NV, shoppingcenters,3.5,533.0
281,Ehy00JWQixgoXzisVKhvag,213,49,14,16,11,13,21,20,23,12,11,17,6,Cucina by Wolfgang Puck,Las Vegas,NV, italian pizza,4.0,1054.0
283,EjzMHfwqAmj7BgdzQjquRQ,251,55,42,53,41,49,11,0,0,0,0,0,0,Bandito Latin Kitchen & Cantina,Las Vegas,NV, mexican latin cocktailbars,4.0,515.0
284,EkYbGk9L5KdCfL3ocZ7ETQ,662,1,19,61,62,60,85,74,72,79,68,59,22,Vegas Discount Nutrition Superstore,Las Vegas,NV, healthmarkets vitaminssupplements,5.0,296.0
285,El4FC8jcawUVgw_0EIcbaQ,1324,110,98,137,116,95,121,124,131,117,103,115,57,MGM Grand Hotel,Las Vegas,NV, hotels,3.0,4502.0
287,EnCIojgP5KTr1leaysFE3A,251,20,12,29,24,25,15,20,21,31,20,27,7,Viva Las Arepas,Las Vegas,NV, venezuelan,4.5,1591.0
288,EneqsOFGCK4KXofNHsc5aQ,460,47,43,43,27,45,46,45,39,33,31,42,19,In-N-Out Burger,Las Vegas,NV, burgers hotdogs tradamerican,4.0,783.0
289,Er5XAY2UFGGqBHdqpeCFkA,234,30,26,21,27,21,16,26,13,10,13,28,3,Zenshin Asian Restaurant,Las Vegas,NV, sushi japanese asianfusion,4.0,547.0
290,Er8DpPwf_lHHv64ncWhD8g,378,23,35,33,42,26,27,22,21,37,39,60,13,The Henry,Las Vegas,NV, tradamerican breakfast_brunch,4.0,1156.0
291,EvE23d1PSbfGWe7EA5HRBQ,776,69,66,73,54,65,66,72,83,71,61,70,26,The Magic Noodle,Las Vegas,NV, chinese noodles soup,4.5,926.0
295,FAiZp6pLY5l9JITMQPASbg,330,23,23,33,32,39,32,26,21,50,36,9,6,7th & Carson,Las Vegas,NV, newamerican breakfast_brunch cocktailbars,4.5,424.0
296,FFVAGNz3fQ7Mdsupm5uzMw,243,20,28,32,16,30,25,16,21,20,18,14,3,Infused Tea Lounge,Las Vegas,NV, coffee bubbletea juicebars,4.5,352.0
298,FMOWO7_mj8lSZnV3WqpGiA,281,26,26,24,20,24,25,27,29,22,16,33,9,Target,Las Vegas,NV, deptstores furniture electronics,3.5,185.0
299,FMnH5WIRLyexBYMBUUnDxQ,417,31,34,48,35,37,35,47,45,26,39,29,11,Hearthstone Kitchen & Cellar,Las Vegas,NV, newamerican bars breakfast_brunch,4.0,1293.0
300,FNe5PPA9pyj8FjcDefCBpg,3947,273,239,308,314,495,422,413,404,359,297,269,154,Weera Thai Restaurant - Sahara,Las Vegas,NV, thai bars,4.5,1364.0
301,FQvmRpNVWrna2oL3x3LAKQ,241,29,35,17,24,19,18,26,17,22,23,5,6,Dutch Bros Coffee,Las Vegas,NV, coffee juicebars,4.0,158.0
302,FR6_ikTNUV0Fq7VYmIfeTg,399,34,30,40,35,33,29,30,36,18,45,46,23,Mountain's Edge,Las Vegas,NV, realestatesvcs,4.5,12.0
303,FaHADZARwnY4yvlvpnsfGA,8021,715,658,789,727,747,672,705,780,625,654,690,259,McCarran International Airport,Las Vegas,NV, airports,3.5,4000.0
307,Fv4EXwV30rwGD2NzN1ekgA,238,32,19,15,16,44,13,18,22,19,18,18,4,Gorilla Sushi,Las Vegas,NV, sushi japanese asianfusion,4.5,792.0
308,FvVSy2r7_zDEhZWqLgjXNQ,476,49,41,51,41,52,35,48,50,36,35,27,11,The Bagel Cafe,Las Vegas,NV, bagels cafes delis,4.0,1254.0
309,Fx5haZv9PP3E7Ljp-h7B1Q,211,11,8,18,27,27,15,28,32,18,14,13,0,Eggspectation,Toronto,ON, breakfast_brunch juicebars,4.0,666.0
310,G-5kEa6E6PD5fkBRuA7k9Q,599,41,53,52,40,48,59,66,60,52,51,55,22,Giada - Temporarily Closed,Las Vegas,NV, italian,3.5,3503.0
311,G4hjhtA_wQ-tSOGpgGlDjw,342,21,29,40,35,29,33,43,26,29,27,22,8,Bajamar Seafood & Tacos,Las Vegas,NV, tacos seafood,5.0,704.0
312,G6BwYw_0_atLPTzI1uokIA,1039,101,84,113,102,98,109,125,64,78,84,60,21,Nacho Daddy,Las Vegas,NV, mexican pubs,4.0,1161.0
313,G6w_9uzW4o3Oyb3z8oOZyA,3086,427,436,150,108,110,331,307,292,286,249,295,95,888 Korean BBQ,Las Vegas,NV, korean bbq,4.5,1198.0
315,GG9VcABDC1hDFnjVi6q5Fw,280,26,35,26,35,24,12,19,23,18,31,25,6,Starbucks,Las Vegas,NV, coffee,2.5,159.0
316,GHS1rVjO-RMcRB6WJLpCDQ,1008,84,62,75,113,89,94,81,74,91,81,134,30,Las Vegas North Premium Outlets,Las Vegas,NV, shoppingcenters,3.5,1142.0
317,GI1F8a__wktcfj6YVjTqAA,582,27,42,56,69,55,48,62,54,50,46,59,14,Nuro Bistro,Las Vegas,NV, asianfusion chinese chickenshop,4.5,280.0
320,GJ_bXUPv672YwNg4TneJog,407,50,25,33,26,37,25,38,39,36,38,42,18,China Poblano,Las Vegas,NV, chinese mexican,3.5,1933.0
321,GMrwDXRlAZU2zj5nH6l4vQ,351,30,24,35,33,41,28,32,34,18,24,41,11,Pho Thanh Huong,Las Vegas,NV, vietnamese sandwiches noodles,4.0,597.0
322,GfoCqO0yYiXxTjkyDvSeSw,292,21,33,48,36,27,22,22,27,24,22,10,0,bBd's,Las Vegas,NV, beerbar burgers gastropubs,3.5,291.0
324,Gml97gSULiA6HFjie01d3Q,276,17,25,33,37,30,23,27,21,18,19,19,7,Pellegrini Pizza,Las Vegas,NV, pizza salad sandwiches,4.0,369.0
327,Gzk0BuJ_CLU_TuWn_gSyyQ,975,220,122,81,70,74,60,78,49,66,77,63,15,7 Leaves Cafe,Las Vegas,NV, coffee macarons,4.5,308.0
334,Hcg-t9QhHvTeSxnvzMtrtw,1739,147,131,97,151,176,196,188,199,168,125,116,45,Meet Fresh,Las Vegas,NV, desserts shavedice bubbletea,4.0,363.0
335,HhVmDybpU7L50Kb5A0jXTg,469,44,48,41,50,51,45,36,30,31,47,33,13,Guy Fieri's Vegas Kitchen - Temporarily Closed,Las Vegas,NV, tradamerican breakfast_brunch burgers,3.5,3875.0
336,HhcBx0LSDkxRBKMkvkwSoA,225,17,26,27,21,35,23,21,19,12,4,16,4,Deejai  Noodle Bar,Charlotte,NC, thai noodles cocktailbars,4.0,243.0
339,HmsCerK_rub0Ulo0aC0f9A,213,19,20,22,29,23,17,14,14,19,18,15,3,Hanabi Sushi and Rolls,Las Vegas,NV, sushi ramen,4.5,634.0
340,Hsn3CYnTsrQ2nJzTKefDQA,296,30,34,28,18,19,23,26,21,29,32,20,16,Pho Saigon 8,Las Vegas,NV, vietnamese sandwiches coffee,4.0,288.0
343,I1gRYCt2exnOMsTr-lEJVA,214,10,13,27,40,20,18,14,23,18,13,12,6,Squeeze In,Las Vegas,NV, tradamerican breakfast_brunch,4.5,533.0
344,I6EDDi4-Eq_XlFghcDCUhw,448,25,34,46,42,53,31,46,46,36,29,39,21,Joes Seafood Prime Steak & Stone Crab,Las Vegas,NV, seafood steak wine_bars,4.5,2884.0
345,I6ICIIZfZsp_J9hHmfhWhQ,1071,76,66,70,96,100,111,90,83,99,109,124,47,Las Vegas Strip,Las Vegas,NV, localflavor,4.0,278.0
346,IB8zLlGraOg9LU7qQVLPyg,603,60,50,58,39,55,56,51,52,55,46,51,30,Fashion Show,Las Vegas,NV, shoppingcenters,4.0,795.0
347,ICFYlS9nwsoAyaiRXMu9tQ,334,23,24,39,24,52,38,38,42,21,13,17,3,Fuwa Fuwa Japanese Pancakes,Toronto,ON, desserts coffee breakfast_brunch,4.0,346.0
348,ICWRXA2TXYYoAfLibm7Myw,273,0,0,0,0,0,0,0,0,29,134,89,21,Tim Ho Wan,Las Vegas,NV, dimsum asianfusion,3.5,261.0
351,IJUCRd5v-XLkcGrKjb8IfA,229,14,21,17,11,20,17,22,21,40,27,13,6,168 Market,Las Vegas,NV, intlgrocery,3.5,237.0
352,IMLrj2klosTFvPRLv56cng,290,29,22,27,21,34,25,17,26,26,24,27,12,Honey Salt,Las Vegas,NV, newamerican,4.0,1880.0
356,IWN2heYitkg-D4UdqfxcMA,853,69,52,108,71,88,91,83,90,60,53,63,25,HEXX kitchen + bar,Las Vegas,NV, cocktailbars breakfast_brunch steak,4.0,3482.0
358,IZivKqtHyz4-ts8KsnvMrA,3829,420,332,332,338,378,307,326,324,327,305,317,123,Kung Fu Tea,Las Vegas,NV, bubbletea coffee juicebars,4.5,1400.0
360,Ia1JlEo7UUyZtmqRe1K1Pw,272,38,23,28,25,15,24,13,11,33,30,26,6,Makers & Finders,Las Vegas,NV, coffee latin breakfast_brunch,4.0,493.0
361,IhNASEZ3XnBHmuuVnWdIwA,2473,219,184,256,209,242,202,234,229,229,215,182,72,Brew Tea Bar,Las Vegas,NV, tea bubbletea desserts,5.0,1902.0
365,ItqPtxnayraXSlBS0EMOgg,380,46,25,41,40,29,9,33,30,50,29,30,18,MTO Café,Las Vegas,NV, breakfast_brunch cafes comfortfood,4.5,1210.0
366,IuSx68tb7iZa-aAeknXp8A,479,22,14,16,13,38,89,68,57,45,52,48,17,Outback Steakhouse,Las Vegas,NV, steak,3.5,289.0
368,IzHfj2uahaUaMw9VD0VEEg,202,11,6,7,14,23,21,24,26,29,16,20,5,Park Theater - Temporarily Closed,Las Vegas,NV, theater,4.0,170.0
373,J7KlrDFrriWoRkIUVNRPbg,278,10,17,14,14,33,59,38,27,33,15,11,7,Tacos N' Ritas,Las Vegas,NV, bars hotdogs tacos,3.5,203.0
374,JAmQCmczUclNUfZjkNdjQA,661,52,44,85,49,57,60,63,47,52,71,59,22,High Roller - Temporarily Closed,Las Vegas,NV, amusementparks,4.0,2049.0
375,JBAkpL5KCK2tyomhAL6DHg,213,24,25,11,24,20,10,22,13,27,11,16,10,Tekka Bar: Handroll & Sake,Las Vegas,NV, sushi japanese,4.0,177.0
377,JDZ6_yycNQFTpUZzLIKHUg,670,92,43,75,51,67,38,71,66,64,50,41,12,El Dorado Cantina - Las Vegas Strip,Las Vegas,NV, mexican bars latin,4.5,4088.0
379,JJAwT9R6Fp2yyWHtWFA8uQ,438,21,18,11,22,15,19,14,27,104,79,68,40,Sushi Way,Las Vegas,NV, sushi izakaya,4.5,1269.0
381,JPfi__QJAaRzmfh5aOyFEw,1375,111,123,111,112,132,107,138,115,107,131,129,59,Shang Artisan Noodle,Las Vegas,NV, noodles chinese,4.5,1972.0
382,JRh14J_be0jl7Wbt412vDA,237,17,11,28,20,25,31,22,18,18,22,14,11,Oscar's Steakhouse,Las Vegas,NV, steak cocktailbars,4.0,680.0
387,JkzHSjtQpLdp12gPcErNJA,317,0,0,0,0,0,0,13,100,36,70,69,29,The Camp Transformation Center - Las Vegas East,Las Vegas,NV, gyms weightlosscenters healthtrainers,5.0,9.0
389,JpgVl3d20CMRNjf1DVnzGA,310,20,25,40,33,28,25,25,31,23,22,26,12,Pampas Las Vegas,Las Vegas,NV, brazilian steak seafood,3.0,3220.0
390,Jt28TYWanzKrJYYr0Tf1MQ,232,14,19,17,31,24,21,28,26,12,25,9,6,Cabo Wabo Cantina,Las Vegas,NV, mexican bars breakfast_brunch,3.5,1523.0
391,Jur1iiejUFw_YCkfDfy1gQ,350,36,43,35,23,32,27,27,33,30,24,30,10,Orchids Garden Chinese Restaurant,Las Vegas,NV, dimsum,3.5,1022.0
392,JyxHvtj-syke7m9rbza7mA,339,32,28,36,34,28,32,32,33,20,33,23,8,Sushi House Goyemon,Las Vegas,NV, japanese sushi,3.5,1930.0
397,K2_zfa7cKbg5klHJYqoWnw,221,17,26,20,15,16,24,21,27,24,14,14,3,Hot N Juicy Crawfish,Las Vegas,NV, seafood cajun,4.0,693.0
398,K4cpZcZVHxc13y0ekvDhFQ,245,13,33,23,20,23,18,14,17,23,17,31,13,Target,Las Vegas,NV, deptstores furniture electronics,3.5,154.0
399,K7lWdNUhCbcnEvI0NhGewg,1054,83,82,99,81,91,70,89,103,105,103,109,39,Wicked Spoon,Las Vegas,NV, buffets breakfast_brunch,3.5,7512.0
401,KAntBJ1ougj5TtbIu0ITBw,291,52,22,15,13,21,24,27,32,34,27,20,4,Pokeatery,Charlotte,NC, poke hawaiian sushi,4.5,97.0
402,KBCNCq8Ecc8cdrMLgPM81g,323,18,23,25,34,36,29,30,38,30,30,17,13,Smog Busters,Las Vegas,NV, smog_check_stations,5.0,112.0
405,KW7gFEaN6SyxwsRRz-4IMg,208,11,23,25,9,19,29,31,30,16,9,5,1,The Range 702,Las Vegas,NV, gun_ranges guns_and_ammo,4.5,644.0
407,Ka00H3EHLLiPNpMj1V4Hcw,307,30,27,41,30,28,35,22,22,21,18,25,8,The LINQ Promenade - Temporarily Closed,Las Vegas,NV, shoppingcenters,4.0,359.0
408,Kbbm6Vd5UdbP10dwjBghRw,241,27,22,18,24,28,16,18,21,18,20,21,8,In-N-Out Burger,Las Vegas,NV, burgers hotdogs,4.0,372.0
409,Ki8seQY5mtXc36xjoMfeDA,382,34,29,40,40,33,41,47,29,31,20,26,12,Flour & Barley,Las Vegas,NV, pizza italian gastropubs,3.5,729.0
411,KpEgsQz0eCQfL7kfkZ8QeA,284,18,17,49,33,35,20,23,20,18,26,18,7,Mother Falafel,Las Vegas,NV, falafel mideastern,4.5,174.0
414,L1-1P3acJc4gEFvWwjXcNQ,255,23,25,26,18,33,30,21,26,19,18,13,3,Meráki Greek Grill,Las Vegas,NV, greek mediterranean,4.5,707.0
415,L16ly2UGc9j4qO3Id8Gx3A,363,42,27,33,30,40,25,37,36,29,24,28,12,Chef Kennys Asian Vegan Restaurant,Las Vegas,NV, vegan chinese sushi,4.5,600.0
416,L2W0QLXIIR5MEmhQwZk-iA,220,14,21,27,14,22,22,22,25,10,20,15,8,Hot N Juicy Crawfish,Las Vegas,NV, cajun seafood,4.0,466.0
418,L5y4EN1J6Gs-J4U36oyHxg,210,7,13,29,19,17,22,26,26,21,15,9,6,LV Nails & Spa 2,Las Vegas,NV, hairremoval othersalons eyelashservice,4.5,198.0
420,LFs5jyYdXlzi0SpAYi1eSA,211,13,26,22,15,24,20,18,12,18,13,19,11,Maggiano's Little Italy,Las Vegas,NV, italian bars,4.0,1725.0
421,LHrksD6vqQW5PY4lRwJSDQ,653,58,48,76,54,58,56,48,64,49,61,52,29,EōS Fitness,Las Vegas,NV, healthtrainers gyms cardioclasses,4.0,328.0
422,LIU7IcJtD9VieoIo__wd9Q,259,28,20,20,29,4,28,48,17,18,24,19,4,Thai Pan Cuisine,Las Vegas,NV, thai,4.5,295.0
425,LR0qF0FEVsCOhYWUOiH26A,379,30,44,27,30,34,33,32,33,23,33,46,14,The Buffet at ARIA - Temporarily Closed,Las Vegas,NV, buffets,3.0,2727.0
427,LYKkltobuO2JEo8CyJKOxw,259,0,0,0,0,0,20,62,54,41,33,34,15,"Snooze, An A.M. Eatery",Charlotte,NC, breakfast_brunch tradamerican sandwiches,4.0,349.0
429,LcbMEHpN5r45I4ZbyxhK0w,299,31,28,21,20,29,32,25,25,25,31,25,7,Paris Baguette,Las Vegas,NV, coffee bakeries cakeshop,4.0,161.0
431,LklWSvyLZXN3tEGxT8rIfg,688,80,68,60,53,58,61,63,60,62,59,40,24,Hattie B's Hot Chicken,Las Vegas,NV, southern chickenshop comfortfood,4.0,665.0
432,Lo-lpCxoP1_T3cvTpp4ZCw,211,24,26,20,23,15,17,16,23,9,16,15,7,Tenaya Creek Brewery,Las Vegas,NV, breweries,4.5,218.0
434,Lx3p5OmxGkbaCKq7G7FfPA,328,19,20,27,27,21,18,16,28,42,47,42,21,Albertsons,Las Vegas,NV, grocery drugstores,3.0,69.0
435,M0pkmBUi_CI0qrzN7ee80Q,247,18,16,20,23,25,28,13,23,23,33,23,2,Amélie's French Bakery & Café,Charlotte,NC, cafes bakeries,4.0,682.0
436,M9zu5KTyVwVC-45Mn8Wp0g,215,28,19,24,12,23,19,11,22,12,22,18,5,Taste,Las Vegas,NV, seafood cantonese,4.0,265.0
440,MQEpDvkdL39hh1N0We3Vaw,495,26,29,39,51,47,57,56,58,37,53,26,16,Hot Taco,Charlotte,NC, mexican,2.5,587.0
441,MQI1rSTE2LGrrsPPgenCrA,750,107,71,79,86,56,50,70,63,57,51,40,20,Master Kim's Korean BBQ,Las Vegas,NV, bbq korean,4.5,659.0
442,MQo7D58KbYrHfiMzWuLdtg,662,0,0,14,123,102,104,88,75,49,52,38,17,China Fresh Tea,Las Vegas,NV, coffee tea,5.0,176.0
444,MZdFfPLqkiBClj97lvhtPw,203,0,0,0,0,45,46,33,21,17,14,22,5,Yummy Rice,Las Vegas,NV, chinese hkcafe,4.0,133.0
446,MpmFFw0GE_2iRFPdsRpJbA,221,21,17,19,18,14,27,20,23,28,13,16,5,XS Nightclub,Las Vegas,NV, danceclubs musicvenues,4.0,3264.0
448,N0CoaG3cBrTGm2ecLYSzqA,1305,129,96,102,102,120,105,121,119,113,112,130,56,Lotus of Siam,Las Vegas,NV, thai seafood wine_bars,4.5,1577.0
449,N0apJkxIem2E8irTBRKnHw,262,25,32,22,14,22,17,16,27,31,25,19,12,Wolfgang Puck Bar & Grill,Las Vegas,NV, newamerican pizza sandwiches,4.0,1780.0
451,N5CL5HLS6lyltw-OjjBrOw,216,18,19,15,15,20,17,15,19,23,22,27,6,Hussong's Cantina Boca Park,Las Vegas,NV, bars mexican vegan,4.0,566.0
452,N7yuiiu8jhQ-Fl9Npflreg,205,27,15,9,21,18,19,18,15,15,24,15,9,Lemongrass - Temporarily Closed,Las Vegas,NV, thai,3.5,1235.0
453,N95IG-T9bbR2iNL9_an1SQ,527,59,45,57,49,50,49,36,64,46,36,26,10,Me Gusta Tacos,Las Vegas,NV, mexican,4.0,420.0
455,NCFwm2-TDb-oBQ2medmYDg,348,35,16,31,46,35,35,34,32,24,25,27,8,Fountains of Bellagio - Temporarily Closed,Las Vegas,NV, landmarks,4.5,1257.0
456,NFm869_w6cvVaWaNpAzjeA,293,11,32,27,16,22,49,28,38,25,16,21,8,Soul Gastrolounge,Charlotte,NC, tapas cocktailbars gastropubs,4.0,1106.0
457,NI3xvN6p0qhvUkKirbKokA,283,17,28,33,24,19,32,28,26,21,19,27,9,Original Pancake House - South Park,Charlotte,NC, breakfast_brunch tradamerican creperies,4.0,319.0
458,NINXtsdhMcT2kCAI52ZPQQ,240,32,24,19,25,18,22,17,15,16,13,27,12,Seafood City Supermarket,Las Vegas,NV, grocery seafoodmarkets filipino,3.0,84.0
459,NIOwzgujIXKVBEVNTQBXpg,392,47,48,35,30,30,41,31,39,30,23,27,11,Jjanga Steak & Sushi,Las Vegas,NV, sushi steak teppanyaki,4.0,1459.0
461,NKh691Q7BZZ2r0f2RJxdsg,841,0,57,123,135,114,83,81,65,48,52,75,8,MILK+T,Las Vegas,NV, bubbletea,4.5,263.0
462,NQXuoB9JTPUItHvouMgWjQ,527,61,50,54,50,57,44,52,40,40,49,19,11,Violette's Vegan Organic Cafe & Juice Bar,Las Vegas,NV, vegan juicebars vegetarian,4.5,963.0
464,NXT94mdw1KWadc3q0u0KYg,520,44,35,40,51,37,60,57,49,49,35,42,21,A.Y.C.E. Buffet - Temporarily Closed,Las Vegas,NV, buffets,4.0,954.0
465,NY80DkkCfEl198JmwtO4pA,424,59,46,33,42,39,39,30,39,25,25,38,9,Harrah's Las Vegas Hotel & Casino - Temporarily Closed,Las Vegas,NV, hotels casinos,2.5,1969.0
466,NYoSzQnJX2vBOT2278UcMA,316,26,22,23,27,31,35,27,27,29,27,35,7,Mott 32,Las Vegas,NV, cantonese cocktailbars dimsum,4.0,374.0
467,NblDoJBEwhkJyvAuxzh4rg,211,47,15,21,17,16,12,16,11,16,15,19,6,Gyu-Kaku Japanese BBQ,Las Vegas,NV, japanese bbq asianfusion,4.0,684.0
473,NvKNe9DnQavC9GstglcBJQ,388,55,42,56,35,29,28,29,31,19,31,25,8,Grand Lux Cafe,Las Vegas,NV, desserts tradamerican sandwiches,4.0,3057.0
474,Nzk07R8GUXtfzkmqikhCCA,398,29,37,36,37,35,33,35,32,35,40,35,14,Smith's,Las Vegas,NV, grocery,3.0,114.0
476,O3lQvyOADBs7f2W8A5D0Yg,201,12,21,9,3,3,8,34,29,19,26,23,14,24 Hour Fitness - Las Vegas Tropicana,Las Vegas,NV, healthtrainers gyms,3.0,221.0
477,OETh78qcgDltvHULowwhJg,388,33,46,34,27,34,32,52,20,21,38,33,18,Gordon Ramsay Steak - Temporarily Closed,Las Vegas,NV, steak newamerican,4.0,4179.0
478,ONqzAgPXmppfrnotY0OD8g,385,40,42,52,43,31,26,49,27,26,20,21,8,Big Chicken,Las Vegas,NV, chickenshop tradamerican,4.0,550.0
483,OYle0xyj_qYZUPCrWfUu_A,264,27,23,27,25,26,29,29,26,12,16,16,8,Life Time Athletic,Las Vegas,NV, gyms sports_clubs healthtrainers,3.5,246.0
484,OYwExM0NGUjyPos0NLjLug,359,35,29,40,42,24,39,35,32,15,21,34,13,Sadelle's - Temporarily Closed,Las Vegas,NV, breakfast_brunch tradamerican,3.5,378.0
485,OaksCsORs2tUGxSJWhydJg,303,26,23,37,27,23,27,33,25,21,23,28,10,Itea Boba & Dessert,Las Vegas,NV, desserts bubbletea tea,4.5,340.0
488,OtSbxxD-WNzlNQlDGpXFSA,566,57,59,65,48,37,48,57,51,43,39,49,13,IKEA,Las Vegas,NV, furniture homedecor kitchenandbath,3.5,483.0
489,P-7rbr91J9WkcxTPYMi6iA,231,21,24,38,41,35,20,29,5,4,3,5,6,Foodie Fit - Summerlin,Las Vegas,NV, diyfood healthmarkets fooddeliveryservices,4.5,46.0
490,P0-zxLhfe9iOgidDG2_O8A,431,0,0,0,196,130,15,17,22,22,8,17,4,Dagu Rice Noodle,Las Vegas,NV, chinese noodles,4.0,109.0
492,P2dFr-Jg1OUoNMikaCmLEQ,210,18,17,21,28,12,20,13,20,10,18,24,9,Café Hollywood,Las Vegas,NV, tradamerican breakfast_brunch cafes,4.0,310.0
493,P3xSYeiJFkbdBwpnEncPTg,1714,0,0,0,177,351,330,194,175,149,129,144,65,Aroy Thai Kitchen,Las Vegas,NV, thai,4.5,224.0
494,P7pxQFqr7yBKMMI2J51udw,671,86,59,60,62,58,77,64,47,47,37,54,20,Holsteins,Las Vegas,NV, burgers tradamerican bars,4.0,3458.0
500,PTtBAaY1GgH929EjdlYLiA,255,25,14,16,17,30,35,35,13,17,25,17,11,AMC Rainbow Promenade 10,Las Vegas,NV, movietheaters,3.5,259.0
502,PXShA3JZMXr2mEH3on5clw,1204,136,85,143,96,110,87,119,91,87,101,122,27,Egg Works,Las Vegas,NV, breakfast_brunch tradamerican burgers,4.5,2348.0
503,PglC8rgguMIlT621p1BLdQ,462,41,46,44,36,40,43,42,34,39,31,55,11,Yum Cha,Las Vegas,NV, dimsum cantonese gourmet,4.0,1415.0
506,PkqN5st3zZ_Xce_5QlBtNQ,308,19,26,29,30,25,23,34,37,20,31,25,9,Cinnamon's,Las Vegas,NV, breakfast_brunch hawaiian coffee,4.0,708.0
507,Pob7ibbNT29--69nxXEP2g,546,47,52,47,42,33,50,39,41,41,55,65,34,The Chandelier,Las Vegas,NV, lounges,4.0,1369.0
511,QCCVxVRt1amqv0AaEWSKkg,412,37,37,37,48,31,32,25,33,34,44,38,16,Esther's Kitchen,Las Vegas,NV, italian pizza cocktailbars,4.5,813.0
512,QJatAcxYgK1Zp9BRZMAx7g,791,77,69,77,78,88,62,80,71,58,51,55,25,Shake Shack,Las Vegas,NV, burgers,4.0,3138.0
513,QXV3L_QFGj8r6nWX2kS2hA,9893,728,755,890,836,1113,905,979,990,838,691,861,307,Nacho Daddy,Las Vegas,NV, newamerican mexican breakfast_brunch,4.5,4649.0
516,QdXg79fKbFLEPePPnL02Fw,315,28,22,29,32,34,34,36,26,33,14,19,8,Whole Foods Market,Las Vegas,NV, grocery,3.5,499.0
518,QleWAHOsujz6qmvi4mxsyg,459,103,125,88,117,0,0,4,7,5,5,2,3,ACE Fitness - Southwest,Las Vegas,NV, bootcamps gyms,4.5,49.0
520,QvxBnMcBPP1z_NAIYCqqdA,420,29,32,49,34,55,41,33,35,47,31,28,6,Haberdish,Charlotte,NC, southern cocktailbars,4.5,1026.0
522,QwxtJF1Dw9hEGdGQciD9Ng,372,63,40,30,29,43,16,41,33,25,22,19,11,CATCH - Temporarily Closed,Las Vegas,NV, seafood asianfusion,3.5,555.0
524,R3Px9TqrfdUB2YzkBmR4Wg,252,54,32,26,19,25,14,19,10,14,13,19,7,Jollibee,Las Vegas,NV, filipino,3.0,135.0
525,RAh9WCQAuocM7hYM5_6tnw,292,25,14,35,32,33,24,31,23,30,21,19,5,The Cowfish Sushi Burger Bar,Charlotte,NC, sushi burgers asianfusion,4.5,1822.0
526,RESDUcs7fIiihp38-d6_6g,16216,187,187,169,147,171,164,191,471,4267,4368,4350,1544,Bacchanal Buffet - Temporarily Closed,Las Vegas,NV, buffets,4.0,10685.0
529,RM6w2WmYtp92vbZw5oPcZQ,280,17,16,19,19,27,25,34,31,30,25,26,11,Veterans Memorial Leisure Services Center,Las Vegas,NV, gyms recreation,3.5,18.0
530,RSPEJeFTKs1BsiVgjHp1WQ,257,29,20,17,32,22,32,22,14,13,23,23,10,Spago by Wolfgang Puck,Las Vegas,NV, newamerican italian cocktailbars,4.0,398.0
531,RVQE2Z2uky4c0-njFQO66g,299,17,33,30,20,20,36,37,30,27,21,20,8,Midwood Smokehouse,Charlotte,NC, bbq smokehouse tradamerican,4.5,1811.0
533,R_ZlcX46pPdjhjmfd043LA,242,26,24,30,20,13,16,17,20,25,23,17,11,Top of the World,Las Vegas,NV, tradamerican steak,4.0,1797.0
536,RhEvP5flF6KoPriMHmVYGg,1013,87,66,111,102,81,88,102,97,86,69,92,32,Red Rock Casino Resort And Spa - Temporarily Closed,Las Vegas,NV, hotels,3.5,1912.0
537,RixnVQV24bc3p92mSntaVA,306,28,31,30,24,26,30,25,37,31,18,22,4,Creamberry,Las Vegas,NV, desserts icecream acaibowls,4.0,705.0
538,Rj-7ymdw8aNZBRqGRAjR3Q,203,15,16,27,23,17,20,13,14,16,17,20,5,El Segundo Sol,Las Vegas,NV, mexican bars,4.0,1030.0
540,RtDEwPI69XidCCklUtSLQA,520,74,52,57,41,46,28,38,41,37,51,40,15,JINYA Ramen Bar,Las Vegas,NV, ramen japacurry tapasmallplates,4.0,350.0
542,Rv0UdhYw_UVIv4D2lc-qgg,281,30,17,20,13,35,31,29,18,21,24,28,15,TangTangTang,Las Vegas,NV, korean soup,4.5,388.0
545,RypJ1Rhq7Y8GFdP5UFbzUg,545,32,41,50,54,48,37,40,52,61,61,47,22,The Centurion Lounge,Las Vegas,NV, airportlounges,4.5,620.0
546,S-egzF2c7bRpCUNbZqV8dg,888,49,58,73,81,79,74,91,94,108,86,76,19,Truffles N Bacon Cafe,Las Vegas,NV, cafes newamerican breakfast_brunch,4.0,1435.0
548,S3gVMHlrQoJPzM984vCeBg,293,32,21,35,28,25,25,31,32,22,24,12,6,Aware Coffee & Tea Lounge,Las Vegas,NV, coffee bubbletea,4.5,289.0
550,SAIrNOB4PtDA4gziNCucwg,362,25,36,23,36,29,34,28,45,27,36,34,9,Herbs & Rye,Las Vegas,NV, steak cocktailbars,4.5,1848.0
551,SDtIdchX9WpKlH5Yst8kjQ,329,25,20,36,25,28,47,33,42,25,24,17,7,Red Rice,Las Vegas,NV, bbq guamanian,4.5,513.0
553,SMPbvZLSMMb7KU76YNYMGg,1369,163,126,116,108,119,135,141,104,96,96,111,54,ARIA Resort & Casino,Las Vegas,NV, hotels casinos resorts,3.5,4635.0
557,SU6DscrONGa2tOB2th7RJA,209,19,19,24,19,11,20,18,28,17,10,14,10,EōS Fitness,Las Vegas,NV, gyms healthtrainers cardioclasses,3.5,297.0
558,SVGApDPNdpFlEjwRQThCxA,834,90,98,82,85,80,65,78,75,56,53,48,24,Juan's Flaming Fajitas & Cantina,Las Vegas,NV, mexican,4.5,2180.0
559,SWZ7Gv80ozoYy4DWKCw48g,236,3,6,31,32,39,20,21,19,25,19,17,4,Carpe Diem,Las Vegas,NV, juicebars poke acaibowls,4.5,205.0
560,S_5VQYMMa4aD3NzgYLkvhg,253,26,24,27,20,21,21,31,26,17,22,13,5,Mochiko Chicken,Las Vegas,NV, asianfusion comfortfood bbq,4.5,476.0
562,SeNOJ2zYHziptxLuiRINLg,305,20,39,30,22,27,33,23,25,21,18,39,8,Lago - Temporarily Closed,Las Vegas,NV, tapasmallplates italian seafood,4.0,1252.0
563,Sg2l7S_huzkRLmk2NoeuSg,243,22,22,17,22,23,35,16,19,30,19,10,8,Union Station,Toronto,ON, publictransport trainstations,3.5,114.0
566,SuugmVDsQ8YhfdOJYSuSmw,207,19,16,21,14,18,22,24,24,9,14,22,4,Outback Steakhouse,Las Vegas,NV, steak,3.5,244.0
568,SzzrUeJGnl_LQAJXMK8wQw,305,36,30,23,18,32,16,23,28,21,38,26,14,Omoide Noodles & Bowls,Las Vegas,NV, noodles,4.0,536.0
571,T5kG7e63YFDrNxEfNKBV_Q,376,66,26,54,41,14,51,14,19,26,6,46,13,Las Vegas Convention Center,Las Vegas,NV, venues,3.5,255.0
573,TEpHybMZew9kKadvseEbEQ,201,25,25,18,17,22,24,20,9,11,11,14,5,Kung Fu Tea,Las Vegas,NV, coffee bubbletea juicebars,3.5,124.0
576,TTglnKh_kURiH1RUasNq1A,752,75,65,61,69,61,71,71,63,62,61,63,30,TruFusion Summerlin,Las Vegas,NV, yoga pilates cyclingclasses,4.5,216.0
577,T_YWS3Rp7-iu69VS5jcQPg,414,36,39,43,43,36,13,37,57,30,44,31,5,Sea Salt Sushi & Oyster,Las Vegas,NV, sushi seafood,4.0,520.0
580,ThNGovQZjZ5mn-ZwX_N2BQ,587,61,54,57,46,46,54,67,54,46,27,55,20,The LINQ Hotel & Casino - Temporarily Closed,Las Vegas,NV, hotels resorts casinos,2.5,2354.0
581,TmIucPRTngutrjDpC0nXgQ,546,35,30,67,43,47,57,63,57,43,43,48,13,Black Tap - Las Vegas,Las Vegas,NV, burgers tradamerican desserts,4.0,1095.0
582,Trbt0Ex85yvwT8DHoEFCvg,397,32,20,31,40,37,46,34,39,29,32,41,16,Ocean One Bar and Grille,Las Vegas,NV, newamerican bars,3.5,1386.0
584,TyuFl3J4fUDB573AHu5uBQ,301,0,0,0,0,0,0,2,56,83,99,51,10,The Coffee Class,Las Vegas,NV, coffee breakfast_brunch cafes,4.5,214.0
586,U727bIditAsUdRSWvJ9n6g,215,5,4,13,40,33,25,34,24,10,8,15,4,SeaQuest Las Vegas,Las Vegas,NV, aquariums kids_activities pettingzoos,4.0,668.0
588,UMqfeCItzQ2glr4d9apGlA,421,40,33,39,43,37,31,47,32,39,40,31,9,Sunrise Coffee,Las Vegas,NV, coffee vegan cafes,4.5,1295.0
589,UPIYuRaZvknINOd1w8kqRQ,551,47,46,67,31,66,44,45,58,43,38,49,17,Monta Japanese Noodle House,Las Vegas,NV, ramen noodles,4.0,2885.0
591,UTXNr62dGSK-tet8OeXUcQ,308,33,27,37,30,23,29,18,26,28,17,28,12,Yard House,Las Vegas,NV, newamerican vegetarian bars,4.0,1200.0
593,UidEFF1WpnU4duev4fjPlQ,295,35,26,29,18,18,22,29,18,24,22,41,13,Therapy,Las Vegas,NV, newamerican tapasmallplates cocktailbars,4.5,1654.0
594,UtpjmeDBYka-URKBHy4a_w,455,0,0,0,0,0,0,0,0,0,14,254,187,Captain6 Korean BBQ,Las Vegas,NV, korean bbq,4.5,368.0
595,Uxm9N6jwmJybOv1NcBbnRw,799,67,51,52,90,99,84,110,74,61,54,46,11,Sekushi Japanese Restaurant,Las Vegas,NV, japanese sushi,4.0,1037.0
596,V-aCFCkkRyakP6SeIfG9-A,610,76,57,44,43,66,77,53,46,42,46,47,13,Taste Tea,Las Vegas,NV, coffee bubbletea,4.5,330.0
598,V6THXtSVkbx4g103_3vXmA,216,25,12,10,19,18,22,17,15,31,19,25,3,Yorkdale Shopping Centre,Toronto,ON, shoppingcenters,4.0,237.0
599,V96iWEiPOMLOSQgO4x2rfQ,308,37,27,24,24,36,30,24,29,25,13,29,10,White Castle,Las Vegas,NV, burgers hotdogs,2.5,373.0
602,Vbal-AZnu2w6NttIKfdjDg,336,34,32,25,23,30,32,35,35,24,31,25,10,Desert Wind Coffee Roasters,Las Vegas,NV, coffeeroasteries,4.5,556.0
603,VsewHMsfj1Mgsl2i_hio7w,357,32,25,40,31,34,34,37,36,28,17,28,15,LAVO Italian Restaurant & Lounge,Las Vegas,NV, italian lounges breakfast_brunch,3.5,1862.0
606,VvF0lhuy46UMPb-R4gksMA,232,8,11,60,88,26,7,2,4,13,4,7,2,Rebel Grounds,Las Vegas,NV, coffee,4.0,23.0
608,VxCnyVYn-FFgv6F1EqbdKA,282,32,14,47,18,13,21,19,29,21,30,29,9,Gold Coast Casino,Las Vegas,NV, casinos,3.0,561.0
610,VyjyHoBg3KC5BSFRlD0ZPQ,1691,162,144,143,140,173,161,126,144,146,125,153,74,Caesars Palace - Temporarily Closed,Las Vegas,NV, hotels casinos,3.0,3316.0
613,W8apgXmOxESpoL_EeogC5w,258,39,20,29,17,24,20,18,15,28,20,17,11,Fukumimi Ramen,Las Vegas,NV, ramen noodles,4.0,1034.0
616,WRQ-9LluyivReFiQZFUujw,290,24,18,18,41,22,33,25,27,19,25,34,4,Buldogis Gourmet Hot Dogs,Las Vegas,NV, hotdog korean chicken_wings,4.5,962.0
617,WX8cx6tfFcEn0cK4cIbWag,370,31,47,34,29,21,31,24,53,31,27,34,8,Mercato Della Pescheria,Las Vegas,NV, seafood italian mediterranean,4.5,609.0
618,WYw3Uf56DT5IwpaLNnCH5Q,422,33,33,43,50,31,35,35,34,29,39,48,12,Vdara Hotel & Spa at ARIA Las Vegas,Las Vegas,NV, hotels spas resorts,4.0,2785.0
619,WbEwI-AJC9epye59Lq0iJg,302,17,28,16,22,35,40,47,22,20,22,21,12,Planet 13 Las Vegas,Las Vegas,NV, cannabisdispensaries,4.0,541.0
620,WbJ1LRQdOuYYlRLyTkuuxw,650,54,42,61,30,44,53,112,94,46,38,62,14,Tupelo Honey,Charlotte,NC, southern newamerican breakfast_brunch,4.0,2093.0
621,We16v_WgJei5cedG50OLTQ,340,24,34,28,23,32,28,34,41,26,20,38,12,New Asian BBQ Tan Tung Ky,Las Vegas,NV, dimsum,4.0,215.0
622,Wg9PobIsIgH8pn4kjZM-5Q,901,84,76,91,88,62,63,78,88,94,82,59,36,USA Auto Service,Las Vegas,NV, autorepair smog_check_stations,4.0,389.0
625,Wxxvi3LZbHNIDwJ-ZimtnA,1597,167,144,170,141,121,148,134,102,120,114,151,85,The Venetian Las Vegas,Las Vegas,NV, hotels casinos resorts,4.0,3939.0
626,X-8PBiSJXKQblMOcWFthcQ,932,124,84,109,71,66,84,83,79,76,50,82,24,Best Friend by Roy Choi - Temporarily Closed,Las Vegas,NV, korean mexican,4.0,756.0
628,X1zdsS1YWnWdW0y_rWvxcw,356,0,0,0,0,0,8,62,89,77,71,45,4,Daniel's Coffee and More,Las Vegas,NV, coffee bakeries,4.5,159.0
630,X8c23dur0ll2D9XTu-I8Qg,259,18,29,22,18,22,20,26,33,34,14,16,7,Hakkasan Nightclub-Temporarily Closed,Las Vegas,NV, danceclubs lounges,2.5,1936.0
631,X91rjC4EkH_3ZGY3ciIs8Q,276,23,29,19,26,38,27,27,34,17,18,11,7,The Patio Desserts & Drinks,Las Vegas,NV, desserts coffee icecream,4.0,419.0
634,XQETjKH84gxDrAiz2lH7Wg,650,60,59,60,63,63,46,68,41,54,56,56,24,Milk Bar Las Vegas,Las Vegas,NV, desserts bakeries coffee,3.5,1122.0
637,XWxYHSld0T2TfANwt1KmqA,297,23,23,35,22,22,34,46,23,16,20,26,7,Cafe Americano,Las Vegas,NV, breakfast_brunch newamerican latin,3.5,572.0
638,XXW_OFaYQkkGOGniujZFHg,706,82,65,75,71,54,56,60,62,56,49,54,22,The Peppermill Restaurant & Fireside Lounge,Las Vegas,NV, tradamerican breakfast_brunch lounges,4.0,3869.0
639,XZbuPXdyA0ZtTu3AzqtQhg,337,31,27,47,23,28,35,33,25,22,25,30,11,Mesa Grill - Temporarily Closed,Las Vegas,NV, tex-mex newamerican newmexican,4.0,3573.0
641,XdN243vaRNgXXp44U4G_ng,241,32,19,24,16,20,27,22,26,15,18,18,4,Chick-fil-A,Las Vegas,NV, hotdogs,3.0,184.0
643,Xj7DIGRHEchJ-VVdISazQQ,319,27,28,38,28,29,39,22,22,29,21,21,15,Javier's - Temporarily Closed,Las Vegas,NV, mexican bars,4.0,1536.0
644,XsSgv3vBOyOBXn3Co8EVIg,715,50,49,75,48,67,71,67,77,69,63,59,20,Q Bistro,Las Vegas,NV, korean chicken_wings bbq,4.5,812.0
645,XwJ6fZRVbxQYRsryy4-qDw,367,25,35,39,44,49,35,33,27,26,27,23,4,Urban Crawfish Station,Las Vegas,NV, seafood cajun tradamerican,4.5,821.0
646,XwQ6lQro2FKvtD0YAUeOAA,510,39,54,54,45,44,45,27,49,42,52,44,15,Sam's Club,Las Vegas,NV, deptstores wholesale_stores grocery,3.0,200.0
647,XxvyLuorygB8u0XBIDwKjQ,492,59,48,60,60,51,50,36,50,18,18,30,12,The Juice Box LV,Las Vegas,NV, juicebars organic_stores icecream,4.5,191.0
648,Y-S2LhHefBdnX8VP5Bh_JA,291,22,21,17,19,34,31,28,17,25,24,34,19,Citizens Kitchen and Bar,Las Vegas,NV, newamerican,3.0,1230.0
649,Y6q0K1fJa0Hy1AK3y9BzIg,304,18,23,22,29,33,44,37,28,17,25,22,6,Suha Bites Sushiburrito & Hawaiian BBQ,Las Vegas,NV, hawaiian asianfusion,4.5,240.0
652,YBLVD61RFdP5H-RGLSIPUw,908,108,71,96,70,88,82,82,100,64,71,53,23,Las Vegas Athletic Club,Las Vegas,NV, gyms,3.0,481.0
653,YF4QJ_j-PM7cMZja6K1MwQ,212,0,0,18,19,21,37,38,47,21,6,4,1,Encore Beach Club,Las Vegas,NV, danceclubs musicvenues,3.5,881.0
654,YILyHegzhy1vlc_LNVfObw,507,41,44,43,45,43,47,45,76,32,39,40,12,Bottiglia Enoteca,Las Vegas,NV, italian wine_bars venues,4.5,921.0
655,YJ8ljUhLsz6CtT_2ORNFmg,2025,151,178,182,143,209,189,188,224,160,163,196,42,Gordon Ramsay Pub & Grill - Temporarily Closed,Las Vegas,NV, british fishnchips tradamerican,3.5,4116.0
658,YRyYbOSwvHkZsZOLv98oQg,235,19,16,29,20,22,20,12,11,19,38,21,8,Estiatorio Milos - Las Vegas,Las Vegas,NV, greek seafood mediterranean,4.0,1240.0
660,YTCCJ3ShO-zg0dlx1nk6dw,317,31,38,25,25,33,17,38,25,28,26,20,11,Morimoto - Temporarily Closed,Las Vegas,NV, japanese bars sushi,4.5,848.0
666,YpePlG2UW_mf-zhFaCgubA,209,12,8,21,15,18,12,27,17,24,16,32,7,Bulla Gastrobar,Charlotte,NC, tapas spanish gastropubs,4.5,290.0
668,YuhAHVsstmDENWuZM30tMA,792,65,57,74,89,75,74,57,84,45,67,67,38,I Am Thai Cuisine,Las Vegas,NV, thai,4.5,558.0
669,YzlgswAwmpkMQifS3-YQTw,399,41,33,38,46,31,27,35,37,37,25,34,15,Conservatory & Botanical Garden - Temporarily Closed,Las Vegas,NV, gardens,4.5,664.0
670,YzuWj3u9BZRpxNmd1Cv3QA,263,23,34,15,33,26,19,20,18,23,12,26,14,Starbucks,Las Vegas,NV, coffee,3.0,209.0
671,Z0YOHYA6YtW131xULbnMzQ,463,44,25,32,42,40,50,45,50,41,46,41,7,Market Street Cafe,Las Vegas,NV, breakfast_brunch tradamerican,3.5,862.0
672,ZAuAwz1ijuydn5yL3q3rzA,554,66,52,64,47,51,58,51,35,31,31,47,21,Japanese Curry Zen,Las Vegas,NV, japanese,4.5,1114.0
674,ZG8PZgaMKhdJUpNxkc9Diw,648,47,62,62,61,49,69,64,73,68,34,47,12,595 Craft And Kitchen,Las Vegas,NV, asianfusion pubs tapasmallplates,4.5,532.0
675,ZQ-4bR5AJfzQQk31-KQ36A,306,0,0,51,43,48,16,20,29,32,20,35,12,Win Kee HK BBQ & Noodle 榮記燒味,Las Vegas,NV, chinese bbq noodles,4.5,184.0
677,ZjSzUWHtnpCfjsa7CksSOg,251,19,29,23,25,9,34,26,13,14,29,23,7,The Signature at MGM Grand,Las Vegas,NV, hotels spas resorts,4.0,1774.0
678,ZkGDCVKSdf8m76cnnalL-A,228,22,23,13,14,24,26,21,18,11,20,26,10,Le Village Buffet,Las Vegas,NV, buffets,3.0,2688.0
680,ZrS5rhJ4OvXQG_38wPEWlA,276,24,22,32,23,27,19,39,30,21,24,12,3,Chewy Boba Company,Las Vegas,NV, desserts coffee bubbletea,4.5,288.0
681,ZyOuwa3Eau6dbUiEPwsUoA,1432,16,15,12,10,30,116,321,267,189,185,208,63,Katsuya,Toronto,ON, japanese,4.0,139.0
682,_0x7W6fizaPP76xNBxBLAQ,580,45,56,59,56,72,54,54,55,53,36,26,14,Stephano's Greek & Mediterranean Grill,Las Vegas,NV, mediterranean greek,4.0,390.0
683,_3olhuCXhoqjy4M2rBp1YA,545,64,50,48,68,45,61,47,57,26,37,32,10,The Golden Tiki,Las Vegas,NV, cocktailbars lounges tikibars,4.5,1407.0
684,_Ad2ZKhUl-krJFpaZ1FI8g,2926,99,89,89,656,703,689,288,75,70,64,73,31,Nabe Hotpot,Las Vegas,NV, hotpot buffets asianfusion,4.5,817.0
688,_PcRyvbZmVQvlS5uORDGVA,266,10,20,28,28,26,25,32,46,16,22,10,3,Redeye Diner,Charlotte,NC, diners breakfast_brunch,3.5,386.0
691,_Xzz-PChcdJ1862CK6dRyw,305,33,28,44,38,41,34,17,24,13,19,13,1,Toast Society Cafe,Las Vegas,NV, breakfast_brunch juicebars coffee,4.5,291.0
692,_e5KDltp_0XNkylTYR1V2w,285,32,30,24,20,24,25,28,25,22,24,23,8,Pho So 1,Las Vegas,NV, vietnamese soup,4.0,279.0
694,_j2EtQtgLuXGRBfbM5YwZA,260,24,23,18,21,21,20,24,27,29,10,35,8,Noodle Asia,Las Vegas,NV, dimsum asianfusion noodles,3.5,1230.0
695,_kCjd-nD4lNXL2oGn-JhZA,241,26,30,28,26,19,24,17,24,14,15,12,6,USA Auto Service,Las Vegas,NV, autorepair,3.5,171.0
697,_xAJZOKBMPOe47p1MphB2w,258,15,16,17,18,24,22,41,27,40,13,22,3,Fishman Lobster Clubhouse Restaurant,Toronto,ON, chinese seafood,4.0,911.0
698,_zgO9FfigbH4qDRVsHoIAA,566,0,0,0,6,303,240,6,2,2,5,2,0,B Nails & Lashes,Las Vegas,NV, othersalons eyelashservice,4.0,102.0
699,a0v7Si0DK4cIko7AQY4YXg,1095,110,93,87,73,92,101,98,112,100,99,96,34,Egg Works,Las Vegas,NV, tradamerican breakfast_brunch pizza,4.5,1233.0
700,a1Pf4wSob48LKqimWzmyGw,342,33,36,38,23,36,23,26,24,42,27,29,5,Chick-fil-A,Las Vegas,NV, hotdogs,4.0,378.0
703,a9k9MQrr5KFyMD7_Lnwrhw,1184,119,90,125,119,89,104,98,108,99,98,92,43,USA Auto Service,Las Vegas,NV, autorepair oilchange smog_check_stations,4.0,738.0
705,aD0EslPREWGDlSpD0RMlEg,306,36,21,32,23,29,18,27,40,25,24,23,8,Asian BBQ & Noodle,Las Vegas,NV, chinese bbq noodles,4.0,793.0
706,aIEfjonMB3daXlPDYTaucA,227,23,24,28,21,23,25,18,17,17,13,12,6,Smith's Marketplace,Las Vegas,NV, grocery pharmacy,4.0,170.0
708,aUCJt0FluWAxkOd8s7TkWQ,205,17,11,20,17,17,18,23,31,16,7,19,9,In-N-Out Burger,Las Vegas,NV, burgers hotdogs,4.0,88.0
709,agGJSdMTRrkA6VrYMbC-SQ,528,31,43,34,34,42,57,57,60,61,44,42,23,Volcano Grille,Las Vegas,NV, japanese,4.0,445.0
710,ahSFUPojs9X3-1jP-QPb-w,261,21,15,33,21,18,31,18,16,20,16,35,17,Bazaar Meat by José Andrés,Las Vegas,NV, steak spanish tapasmallplates,4.0,1146.0
712,ajoqEHnCZTD8-8GqGLq9-Q,932,78,50,71,67,88,83,93,94,82,98,96,32,Palms Casino Resort - Temporarily Closed,Las Vegas,NV, hotels casinos resorts,3.0,1608.0
716,atL7NwXDnhOknV-mmQR3Mg,298,0,0,3,52,60,55,43,53,20,9,3,0,Las Vegas Ballpark,Las Vegas,NV, stadiumsarenas,4.0,100.0
717,auTNigMttjBBTj1MNxOeFQ,226,29,15,17,19,19,32,15,30,18,11,14,7,Taj Palace,Las Vegas,NV, indpak buffets bars,4.0,717.0
718,awI4hHMfa7H0Xf0-ChU5hg,759,65,63,60,73,72,57,81,65,65,58,74,26,Oyster Bar,Las Vegas,NV, seafood bars,4.5,2793.0
719,ayOJSIl-P16HZAQBcQfUyQ,401,34,27,33,50,29,40,33,29,39,35,40,12,California Hotel & Casino,Las Vegas,NV, hotels casinos,3.5,512.0
720,b-RSw4G3HJvGfwvRLzuLPw,269,19,25,27,26,20,19,26,31,17,26,27,6,SUGARCANE raw bar grill,Las Vegas,NV, tapasmallplates cocktailbars breakfast_brunch,4.0,568.0
721,b0y8ZQ77O1rNhuuQZ9jPig,291,15,21,30,30,37,18,29,23,28,25,27,8,Shila Eyebrows Threading,Las Vegas,NV, skincare waxing threadingservices,4.5,141.0
724,bFaFb7wu7swOp5qD8lNMog,412,36,39,49,24,44,23,34,43,39,28,43,10,MIAN | 滋味小面,Las Vegas,NV, noodles szechuan,4.5,844.0
726,bKKVa2WXYnMTtiUPd3sV7Q,248,17,20,34,19,29,21,28,25,19,15,16,5,Superica,Charlotte,NC, tex-mex mexican,4.0,512.0
727,bMIVYOyr0pOYHUDNsmSDwg,381,37,34,63,29,33,43,34,32,22,19,27,8,The Suffolk Punch,Charlotte,NC, breweries coffee newamerican,4.0,407.0
729,bRR4gsjHv0F_RnRGjQBqlg,475,36,28,48,62,50,52,55,42,46,25,21,10,CJ's Italian Ice & Custard,Las Vegas,NV, icecream,4.5,494.0
730,bVyUa0O4U-c4b3b3U7ojoA,247,30,25,26,17,19,20,16,28,20,18,18,10,Inferno Hot Pilates,Las Vegas,NV, pilates,5.0,147.0
732,beuVp5CZxCdNvQIIPBS2rw,442,57,37,31,28,42,25,36,36,38,39,57,16,Chubby Cattle,Las Vegas,NV, hotpot chinese,4.5,1973.0
734,bpRo8L8dkhgbJhdIKa9mwA,250,18,22,24,20,17,24,15,20,23,34,24,9,STK Las Vegas,Las Vegas,NV, steak newamerican cocktailbars,4.0,1863.0
736,bsrj9_hFAql3dlSf244zpg,390,21,29,36,32,37,49,39,43,29,32,32,11,Trump International Hotel Las Vegas,Las Vegas,NV, hotels,4.0,1994.0
739,c-XrdIR2Ubxp2uo7lvtkLg,343,47,26,32,40,28,30,39,38,29,14,15,5,Dutch Bros Coffee,Las Vegas,NV, coffee juicebars,4.5,130.0
741,c8_KYRnm6UgoasyTemhX1w,231,4,8,6,7,18,44,44,63,14,11,8,4,ShowGrow,Las Vegas,NV, cannabisdispensaries,3.0,121.0
742,cA3758wmDHz5nK05WY98dg,212,24,20,23,22,16,21,13,14,23,7,17,12,Costco Wholesale,Charlotte,NC, wholesale_stores,4.0,98.0
744,cJWbbvGmyhFiBpG_5hf5LA,928,104,66,92,90,67,70,57,82,91,81,75,53,Hofbräuhaus Las Vegas,Las Vegas,NV, german beerbar comfortfood,4.0,1808.0
745,cMAv53bpH7b32IYgQwCXLA,621,55,64,88,73,90,90,60,52,17,16,14,2,Zero Degrees,Las Vegas,NV, bubbletea coffee,3.5,596.0
751,cWPTOM_o5toaXpq0gNxD7Q,212,8,14,19,17,25,21,26,28,14,23,16,1,Vanta Coffee Club & Eatery,Toronto,ON, coffee cafes sandwiches,4.0,211.0
752,cYlBEKmLkVXFtGWmtB4G4A,454,0,0,0,0,15,58,80,122,77,41,53,8,Sweethoney Dessert,Las Vegas,NV, desserts,4.0,346.0
753,caKRXynM5bY922pGtQhvfQ,238,67,70,17,13,19,6,6,11,8,8,7,6,Narong's Thai Kitchen,Las Vegas,NV, thai hotdogs,4.5,260.0
754,ccGIAOl08zHt2lcn_UxPfw,377,21,27,32,31,32,33,39,33,47,43,21,18,Las Vegas Athletic Club,Las Vegas,NV, gyms cardioclasses barreclasses,3.0,374.0
755,cePE3rCuUOVSCCAHSjWxoQ,746,35,44,56,60,81,73,103,70,67,76,58,23,Karved,Las Vegas,NV, sandwiches tradamerican salad,5.0,693.0
757,cn6Lguvd8T2pWq4-WNLHpQ,246,26,24,14,17,23,23,23,18,18,27,25,8,Monta Chaya,Las Vegas,NV, ramen,4.0,167.0
759,crstB-H5rOfbXhV8pX0e6g,222,14,11,17,21,20,21,21,26,26,20,21,4,Ramen Isshin,Toronto,ON, ramen,4.5,699.0
766,d8WZtx4dZUvT9Sg9NXGb3Q,240,15,15,13,25,16,17,34,30,26,27,15,7,Super Smog One,Las Vegas,NV, smog_check_stations,5.0,247.0
769,dKdApYVFDSNYsNOso6NYlA,431,31,33,44,31,33,37,49,29,39,40,51,14,White Castle,Las Vegas,NV, hotdogs burgers,3.0,1406.0
772,dQOnVrU5O0tSY5ZS8t3ScA,227,0,0,0,0,0,0,0,65,35,74,42,11,Optimist Hall,Charlotte,NC, food_court,4.5,186.0
773,dQnUXBUMbjLLvF8OEXAmgw,364,0,0,13,41,54,44,58,35,40,35,30,14,Vanderpump Cocktail Garden - Temporarily Closed,Las Vegas,NV, lounges cocktailbars,4.0,561.0
776,dVp1llwjZUmhCF4pNsJnQg,297,23,17,40,23,23,31,31,22,24,30,28,5,The Modern Vegan,Las Vegas,NV, vegan breakfast_brunch newamerican,4.0,943.0
777,dWk0mbhj79pK3WBp5oLtpw,226,21,17,43,18,14,20,13,19,15,19,22,5,Rí Rá Irish Pub - Temporarily Closed,Las Vegas,NV, irish pubs,4.0,1257.0
778,d_L-rfS1vT3JMzgCUGtiow,437,53,30,42,43,31,37,42,55,23,23,35,23,Border Grill - Temporarily Closed,Las Vegas,NV, mexican breakfast_brunch tapasmallplates,4.0,1834.0
779,dbLAhlo4ubzaEwrx8Sy9FA,496,0,0,0,32,89,83,85,57,54,41,45,10,La Luna Tea and Dessert Bar,Las Vegas,NV, coffee breakfast_brunch desserts,4.5,205.0
780,dciKn2Otp8nAMi4AurPjsg,1242,92,107,124,114,134,123,129,122,80,99,90,28,McCarran Airport Terminal 3,Las Vegas,NV, airportterminals,3.5,343.0
781,diaiQrxYFU1V5qxrFnW9fg,264,26,18,27,30,25,26,11,23,20,24,20,14,McCarran Rent-a-Car Center,Las Vegas,NV, carrental,3.0,415.0
783,dlpVK3a2Xfn6jtq5-soAfw,232,32,11,15,18,13,12,19,26,25,27,29,5,Ono Sushi,Las Vegas,NV, japanese sushi,4.5,315.0
784,dxeu5YQIzw0jOp1cSVkimg,1464,132,101,133,108,177,181,150,129,99,81,118,55,Izakaya Go,Las Vegas,NV, sushi ramen izakaya,4.5,845.0
785,e13SEvJud_vgeDR_doL4sQ,642,65,48,52,45,56,47,48,87,48,42,51,53,Hussong's Cantina Las Vegas - Temporarily Closed,Las Vegas,NV, mexican vegan bars,4.0,1068.0
786,e3PBfbtXUjMziX6XGsOMoA,6415,490,401,519,460,604,594,652,584,619,637,614,241,Cafe Sanuki,Las Vegas,NV, japanese noodles cafes,4.5,1080.0
791,eAc9Vd6loOgRQolMXQt6FA,1200,85,96,109,127,100,97,139,122,114,84,89,38,Mandalay Bay Resort & Casino,Las Vegas,NV, hotels casinos resorts,3.0,3509.0
792,eD-XLSo-j8uIoTnIlrG8YA,338,13,17,26,39,37,35,25,42,38,33,25,8,Juicy Dumpling,Toronto,ON, dimsum dumplings,4.0,471.0
793,eEnNw3_hBvxcFHyr23kAuA,446,60,33,50,50,36,31,24,43,41,31,30,17,Hard Rock Hotel & Casino,Las Vegas,NV, hotels casinos,3.0,2487.0
795,eJKnymd0BywNPrJw1IuXVw,2471,189,159,232,182,234,227,209,263,237,214,245,80,Nacho Daddy Downtown,Las Vegas,NV, newamerican mexican breakfast_brunch,4.0,2251.0
796,eJNHwNoCk_hZbK8AeHDZ9g,374,18,22,36,39,34,45,38,45,32,28,21,16,Nevada Chicken Cafe,Las Vegas,NV, bbq wraps sandwiches,3.5,391.0
799,eR7Iw_X54m3YLWkXp9y35Q,471,39,46,52,28,37,49,50,41,44,37,35,13,Tonkatsu Kiyoshi,Las Vegas,NV, japanese,4.5,610.0
800,eRlyQbR4Wn7F6JH5dVs4Qg,278,21,20,15,15,21,22,25,25,27,42,28,17,Clark County Detention Center,Las Vegas,NV, policedepartments,2.5,43.0
801,eUuKXhloFVHdQsLdodcLbw,284,22,18,20,23,17,26,26,26,40,23,34,9,Parsley Modern Mediterranean,Las Vegas,NV, mediterranean vegan vegetarian,4.0,605.0
802,eYJcI9cI6-kJ2NQpYdHcLw,247,15,12,24,15,28,25,19,28,28,19,28,6,Downtown Terrace,Las Vegas,NV, newamerican burgers tradamerican,4.0,782.0
803,eZcCFV-8X91ZSnmB9807bw,233,22,21,22,17,27,19,30,21,15,21,14,4,The Cheesecake Factory,Las Vegas,NV, tradamerican desserts,3.5,864.0
804,eaNenRk_liZBERFFLCXqqQ,417,35,38,45,41,36,39,42,35,36,29,31,10,Hobak Korean BBQ,Las Vegas,NV, korean bbq,4.5,1948.0
805,ebEP_MZngIWKH0Ixobcqhg,225,14,11,24,8,21,19,30,20,23,27,20,8,Sunset Park,Las Vegas,NV, dog_parks discgolf fishing,4.0,285.0
806,ebTvBxSStI9Vf5Tpux_X3Q,593,63,43,68,56,50,46,52,52,48,48,53,14,The Orleans Hotel & Casino,Las Vegas,NV, hotels casinos,3.5,1244.0
807,eh127ASMZstrELE0K0XADw,259,27,23,25,21,16,22,17,29,28,18,26,7,Luke's Lobster Las Vegas,Las Vegas,NV, seafood,4.5,898.0
811,f1ZKauu7dCB6iplmKqplAQ,533,49,49,54,38,50,48,55,63,33,36,45,13,Hong Kong Garden Seafood & Dim Sum Cafe,Las Vegas,NV, seafood dimsum cantonese,3.5,516.0
812,f4x1YBxkLrZg652xt2KR5g,1235,87,115,119,99,108,110,131,121,105,99,110,31,Hash House A Go Go,Las Vegas,NV, newamerican breakfast_brunch,4.0,6969.0
814,f8IMQgRwo-8GP372MElDGQ,201,12,17,21,22,18,25,14,16,21,23,8,4,Plaza Hotel & Casino,Las Vegas,NV, hotels,2.5,1249.0
815,fAlKTsfsUF6A5iujEI2Z1w,464,17,26,31,53,39,53,66,48,47,25,37,22,Off The Strip at the LINQ,Las Vegas,NV, bars comfortfood tradamerican,4.0,952.0
816,fHM09_y3QX3n4a_bIFbk_w,337,30,14,27,26,45,33,39,30,28,28,25,12,Grand Lux Cafe,Las Vegas,NV, desserts tradamerican seafood,4.0,1382.0
817,fL-b760btOaGa85OJ9ut3w,375,33,35,42,34,53,30,40,37,22,19,23,7,Rollin Smoke Barbeque,Las Vegas,NV, bbq burgers soulfood,4.5,3313.0
818,fMDVw5GLRa4Is_qH-27Pdg,258,1,14,19,20,35,38,25,52,17,9,21,7,The Spa and Massage,Las Vegas,NV, massage massage_therapy spas,4.5,235.0
820,fQt4D34vcJNtEf8Q4zte3w,204,18,15,22,14,8,29,21,16,21,12,18,10,TAO Asian Bistro,Las Vegas,NV, asianfusion lounges,4.0,1807.0
821,fQt9QVAZM9PM0wFDdROvWw,242,22,24,32,28,19,20,25,14,15,11,24,8,Frankie's Tiki Room,Las Vegas,NV, tikibars,4.5,1027.0
824,faPVqws-x-5k2CQKDNtHxw,1214,94,100,134,111,112,115,127,113,92,78,93,45,Yardbird Southern Table & Bar,Las Vegas,NV, southern newamerican cocktailbars,4.5,4996.0
825,fbyYmI6VkWFBhYTreIqyTQ,286,42,33,48,36,33,32,20,13,11,10,6,2,Bbear Cafe,Las Vegas,NV, coffee icecream juicebars,4.0,80.0
826,fhoFsFK6TqJOEo30LtXeDA,481,51,29,46,32,49,57,58,59,32,20,33,15,The Halal Guys,Las Vegas,NV, halal mideastern hotdogs,3.5,630.0
827,fobFqG-4X6XhDsuW7rb85w,633,0,0,0,0,0,18,122,122,64,161,123,23,Flights Restaurant by Alex Hult - Las Vegas,Las Vegas,NV, newamerican seafood breakfast_brunch,4.0,367.0
828,fuW-VCynECpKukrm-9nxdg,743,110,99,118,90,52,24,41,76,44,34,44,11,Guy Fieri's El Burro Borracho,Las Vegas,NV, mexican,3.5,1181.0
829,fzrLcoVywMhMc_vjEigaDg,205,8,18,21,9,29,20,23,25,20,13,15,4,Sabor Latin Street Grill - South End,Charlotte,NC, latin mexican,4.0,51.0
830,g-Sa8wjQirDxAUszz9VeBA,278,0,0,0,0,0,0,57,38,70,51,46,16,Hello Kitty Cafe,Las Vegas,NV, desserts coffee themedcafes,4.5,230.0
831,g-ZseseezHTpF5eMfLrLgQ,522,54,59,63,53,40,50,46,35,35,31,45,11,LaPostté,Las Vegas,NV, coffee bakeries,4.5,245.0
832,g3t2AQQVT2tWD64Huu7xVA,203,9,8,13,24,20,15,34,26,17,17,16,4,Royal Ontario Museum,Toronto,ON, museums,4.0,319.0
833,g83WbX_recywc4DEIZ-xug,273,11,23,19,32,27,25,26,10,11,33,47,9,Neon Museum,Las Vegas,NV, museums,4.0,1371.0
834,g8OnV26ywJlZpezdBnOWUQ,275,16,28,33,18,22,32,35,18,28,21,18,6,Hash House A Go Go,Las Vegas,NV, newamerican breakfast_brunch,4.0,3495.0
835,gEeEpUAXI36N57nvCYJMxg,396,27,40,33,36,32,31,48,55,33,26,25,10,Planet Fitness,Las Vegas,NV, gyms,3.5,165.0
836,gG9z6zr_49LocyCTvSFg0w,260,28,19,25,19,19,21,27,27,20,27,21,7,Amélie's French Bakery & Café,Charlotte,NC, bakeries cafes cakeshop,4.0,1827.0
838,gOOfBSBZlffCkQ7dr7cpdw,324,20,37,39,33,25,23,33,21,28,26,31,8,Chica,Las Vegas,NV, latin breakfast_brunch cocktailbars,4.5,982.0
840,gRCEObNuHtI61xR32ytqNQ,386,22,20,38,41,27,49,36,51,35,25,35,7,Palace Station Hotel and Casino,Las Vegas,NV, hotels casinos,2.5,902.0
841,gTw6PENNGl68ZPUpYWP50A,316,49,40,37,19,25,28,23,28,19,19,23,6,Soyo Korean Barstaurant,Las Vegas,NV, korean bbq bars,4.0,1011.0
844,g_hUpwFOuGky2mpySTpY6w,262,18,27,39,16,19,20,14,30,26,14,29,10,La La Noodle - Temporarily Closed,Las Vegas,NV, panasian,4.0,299.0
845,gcouHCQrswvakJ6xSEKtFQ,229,14,29,21,20,28,19,15,23,21,22,12,5,Chick-fil-A,Las Vegas,NV, hotdogs,4.0,418.0
846,ghVhlFpNhfBwWDFGSlt2JA,1092,60,34,40,41,65,125,379,194,52,48,38,16,Sushi Neko,Las Vegas,NV, sushi,4.5,1209.0
847,gjzQoi1AkRxYRl8-dFGGPQ,330,28,26,28,29,30,30,32,36,23,30,32,6,Costco Wholesale,Las Vegas,NV, wholesale_stores,3.5,197.0
848,gkxcnkbrQfEWqyiOah0yoA,499,45,50,41,49,59,46,51,43,40,32,32,11,Mama Bird,Las Vegas,NV, southern breakfast_brunch smokehouse,4.5,1317.0
850,gn9cc6-VLuCClqkWCtNcpg,213,31,18,33,15,18,17,11,20,18,14,14,4,Mi Pueblo Mexican Grill,Charlotte,NC, mexican,3.5,114.0
851,gqcJHVFCPeBRGnDf8bFzMw,1119,66,98,97,61,99,141,120,153,92,83,76,33,Outback Steakhouse,Las Vegas,NV, steak italian seafood,3.5,379.0
853,gx2yPrOJSwF1ApJYdGBWIw,703,55,54,82,50,77,47,52,79,68,65,53,21,JINYA Ramen Bar,Las Vegas,NV, ramen tapasmallplates,4.0,1911.0
854,gy-HBIeJGlQHs4RRYDLuHw,1127,85,97,93,108,114,127,91,95,90,89,97,41,Town Square Las Vegas,Las Vegas,NV, shoppingcenters,4.0,599.0
856,h5a8aJ_Pd71JzUGFA-IaAg,272,22,26,21,22,22,18,24,25,43,25,17,7,Thai BBQ,Las Vegas,NV, thai,3.5,265.0
857,h7s4MRVvB726jWHCHiQ9kw,328,26,32,34,29,47,24,24,32,26,13,23,18,Texas de Brazil,Las Vegas,NV, steak brazilian venues,4.0,1053.0
860,hF1lFkVkhX55fZsy0Zj7Xg,246,2,8,27,24,35,47,29,38,13,15,5,3,Vegas Discount Nutrition Superstore,Las Vegas,NV, vitaminssupplements healthmarkets nutritionists,5.0,52.0
861,hIUKufhwR6Ifn7bi0-phLA,203,17,15,24,14,17,17,23,18,22,17,13,6,Baguette Cafe,Las Vegas,NV, coffee sandwiches breakfast_brunch,4.5,1317.0
864,hZAxcfDnLOkFY6G5ofI2RQ,243,29,36,25,31,21,14,8,23,12,26,16,2,Real Donuts,Las Vegas,NV, donuts coffee,4.5,270.0
865,hZDNYOfZnVp10pFsycr8rg,208,22,21,20,15,24,17,23,14,11,19,16,6,The Valley Thai Restaurant,Las Vegas,NV, thai,4.5,181.0
868,hgPpc-bi4jStmM2SI4nKwA,258,31,20,19,23,27,26,23,27,16,11,26,9,Pok Pok Wing,Las Vegas,NV, chicken_wings panasian,3.5,218.0
869,hgWMxKhrnOUd3m5nOUBIkA,696,62,59,65,79,87,74,81,64,58,33,23,11,Las Vegas Athletic Club,Las Vegas,NV, gyms,3.0,438.0
871,hihud--QRriCYZw1zZvW4g,8917,886,742,840,850,866,843,951,848,623,574,608,286,Gangnam Asian BBQ Dining,Las Vegas,NV, japanese korean bbq,4.5,3761.0
873,hpnFcRFzs3kg-qM1tPEg3g,216,7,8,11,16,18,17,20,15,40,21,32,11,Sapphire Gentlemen's Club,Las Vegas,NV, adultentertainment,2.5,713.0
874,hqvqLihniz0ynit9c36JHg,245,19,21,21,25,31,18,20,23,18,25,14,10,Biwon Korean BBQ & Sushi Restaurant,Las Vegas,NV, korean bbq sushi,4.0,951.0
875,hrhtWc8UcoZqYr2d7YPgEA,337,32,20,36,24,20,39,21,35,17,35,47,11,Tropicana Las Vegas - a DoubleTree by Hilton Hotel & Resort,Las Vegas,NV, hotels,3.0,1724.0
880,i9mqSffakkmhtR_iyBnhnQ,430,39,51,34,47,40,26,38,41,35,29,30,20,Garionban,Las Vegas,NV, korean soup bbq,4.0,158.0
882,iCQpiavjjPzJ5_3gPD5Ebg,1043,112,82,86,94,95,95,102,93,98,82,67,37,Secret Pizza,Las Vegas,NV, pizza,4.0,4914.0
883,iI3jcwudiZYMVUeRPy-DwQ,297,13,7,35,26,26,26,36,36,31,28,24,9,Zen Curry Express,Las Vegas,NV, japanese,4.0,328.0
884,iIiK3S_1Q6i3yenDyKAH3Q,255,25,25,15,13,32,34,32,18,11,18,20,12,EōS Fitness,Las Vegas,NV, gyms healthtrainers cardioclasses,3.5,170.0
885,iIwKW2cBAxjElE8eUzjwqA,264,17,26,23,28,30,22,20,30,27,16,16,9,Bobby's Burger Palace,Las Vegas,NV, burgers tradamerican salad,4.0,1561.0
887,iRwT2pBa87Y54q8nqfNAzw,631,38,43,49,57,65,55,101,46,60,42,62,13,Da Lat,Las Vegas,NV, vietnamese,4.0,567.0
889,if59L5DHM4pPMrCx9HuD8A,221,16,14,26,23,8,25,23,21,10,27,20,8,Main Street Station Casino Brewery Hotel,Las Vegas,NV, hotels casinos,3.5,465.0
890,igHYkXZMLAc9UdV5VnR_AA,483,52,50,64,36,45,42,28,39,38,33,45,11,Echo & Rig,Las Vegas,NV, steak butcher meats,4.5,3035.0
891,ii8sAGBexBOJoYRFafF9XQ,819,77,76,72,71,71,86,87,83,47,59,68,22,Paris Las Vegas - Temporarily Closed,Las Vegas,NV, hotels casinos,3.0,2925.0
894,isw3cS3hOKdKeBgi3lF3-A,219,20,19,38,15,33,22,17,15,14,11,12,3,Eureka! Discover American Craft,Las Vegas,NV, tradamerican breakfast_brunch cocktailbars,4.5,417.0
896,ixxLqsmRZWAF2Kkv9awPNA,273,38,16,23,21,24,21,42,39,13,15,15,6,HeadzUP Vegas,Las Vegas,NV, escapegames artmuseums teambuilding,4.5,293.0
898,j28T6ZuP1mLHe3m36COOpQ,213,15,24,15,18,29,11,15,27,8,17,23,11,Daan Go Cake Lab,Toronto,ON, desserts bakeries customcakes,4.0,255.0
899,j4F5LtyQ3_dKLJbIEkwFpQ,225,20,11,21,27,33,19,31,18,11,19,11,4,SkinnyFATS,Las Vegas,NV, newamerican breakfast_brunch,4.5,360.0
901,j7YBahlSm7jjAdd_oWYIBg,1030,106,86,103,84,107,95,91,101,75,76,84,22,Park MGM Las Vegas,Las Vegas,NV, hotels casinos,2.5,841.0
902,j8opwJ1ZM55hI3AMHT37MA,997,75,44,106,120,83,80,178,129,57,53,64,8,Marvel Avengers STATION,Las Vegas,NV, museums,3.5,681.0
907,jXyy2Vc-Dgp7QguQJSfnXw,212,26,23,17,18,13,23,21,15,17,15,17,7,Lazeez,Las Vegas,NV, indpak mediterranean halal,4.0,395.0
912,joKG-MSwMJdR_OFm4J1WTA,330,26,21,25,38,23,26,31,30,31,38,30,11,Le Thai 2,Las Vegas,NV, thai,4.0,130.0
913,jobP3ywRd3QNZ_GCoPG2DQ,329,22,19,23,27,43,40,38,32,19,31,28,7,Brenden Theatres,Las Vegas,NV, movietheaters,3.5,397.0
914,jxbEwtV8Et1lm8ubk4AGuw,293,15,22,22,10,27,30,22,27,28,52,32,6,Mimosas Gourmet,Las Vegas,NV, breakfast_brunch salad sandwiches,4.5,817.0
916,k-dDZvTeLysoJvjHI-qr9g,214,19,22,17,17,14,22,14,34,14,17,16,8,Feast Buffet,Las Vegas,NV, buffets,3.0,413.0
920,kNvukrzit0u-NfD6xvFMrQ,381,0,0,0,0,56,63,60,51,28,56,60,7,Sojo Ramen,Las Vegas,NV, ramen,5.0,258.0
921,kRgAf6j2y1eR0wOFdzFAuw,387,49,40,36,32,26,38,31,31,39,22,33,10,Firefly Tapas Kitchen & Bar,Las Vegas,NV, tapasmallplates tapas spanish,4.5,2153.0
923,khb_lj7jgCzi3akuxMyEdg,569,35,62,53,35,42,56,69,51,51,39,56,20,Urth Caffé,Las Vegas,NV, cafes coffee bakeries,4.0,344.0
924,kk9vGmlZNCdFuNC487YlBA,290,19,21,16,22,25,22,26,27,34,35,26,17,Clark County Regional Justice Center,Las Vegas,NV, courthouses,3.0,66.0
925,l3joBBpkq0ib11dKUpKMAw,255,15,22,14,15,26,32,37,15,19,8,34,18,Karaoke Q Studio,Las Vegas,NV, karaoke,4.5,797.0
927,lKq4Qsz13FDcAVgp49uukQ,372,21,37,26,33,32,41,36,33,22,25,38,28,Slice of Vegas,Las Vegas,NV, pizza bars italian,4.0,761.0
928,lOQPeguczAueJnLmDUTfGg,738,33,64,69,87,88,90,82,58,50,41,61,15,Bonito Michoacan,Las Vegas,NV, mexican,4.0,966.0
929,l_GV0hgEoTUf70uJVT0_hg,317,37,39,41,17,23,23,19,29,31,27,22,9,Eat.,Las Vegas,NV, newamerican breakfast_brunch,4.0,2558.0
930,laUfHtX3lervYx_i7buatg,802,0,0,0,0,3,59,49,58,103,196,241,93,Weera Thai Kitchen,Las Vegas,NV, thai desserts salad,4.0,196.0
936,lwxYmWqjmEZ0ukCsXC9Pfg,428,33,48,30,34,42,28,54,39,32,33,41,14,Giordanos - Las Vegas,Las Vegas,NV, salad italian pizza,4.0,1380.0
937,lxDWpwv4JK-veCYtLtwrEw,232,0,0,29,12,29,31,26,32,21,21,24,7,La Strega,Las Vegas,NV, italian pizza cocktailbars,4.5,265.0
938,m-xsH8VkcYtTTvp2Fa6Ajw,301,19,31,32,29,42,27,22,36,16,23,19,5,Pancho's,Las Vegas,NV, mexican breakfast_brunch,3.5,819.0
940,mB_cI1tCrNxxvr2e2myNrQ,250,18,19,27,15,24,30,28,31,25,14,10,9,Taco Bell Cantina,Las Vegas,NV, tacos breakfast_brunch,3.5,488.0
942,mC263CTDDRaeqg-pFju4Xw,1288,116,117,121,106,109,99,134,115,90,99,141,41,Brother's Pizza,Las Vegas,NV, pizza chicken_wings italian,4.5,552.0
943,mC39IrCp36QIVFRZIw9PTQ,326,23,38,29,21,31,31,44,36,21,21,20,11,Seoul Food Meat Company,Charlotte,NC, korean bbq beerbar,4.0,1185.0
944,mDR12Hafvr84ctpsV6YLag,649,69,54,63,54,45,59,63,55,51,64,54,18,Mr. Mamas Breakfast and Lunch,Las Vegas,NV, breakfast_brunch tradamerican burgers,4.5,3552.0
949,mU3vlAVzTxgmZUu6F4XixA,1359,154,103,157,107,110,115,133,99,99,90,134,58,Momofuku Las Vegas,Las Vegas,NV, newamerican asianfusion,4.0,2430.0
950,maI7TBB32kGuRkfxxA8s6A,363,35,29,27,33,32,29,36,36,32,31,29,14,Seattle's Best Coffee,Las Vegas,NV, coffee,3.0,43.0
951,mmbXj7CmjGbH-wR3j6cD0w,592,57,53,54,62,45,47,46,72,51,53,37,15,Sweet Tomatoes,Las Vegas,NV, buffets vegetarian salad,3.5,378.0
956,n8Zqqhff-2cxzWt_nwhU2Q,237,24,12,25,21,19,28,23,32,23,13,12,5,Public School 702,Las Vegas,NV, newamerican gastropubs bars,4.0,1387.0
957,n8aPlrfZdCcwRaBsP7zuBg,402,0,0,0,0,0,0,0,92,137,62,76,35,Myungrang Hot Dog,Las Vegas,NV, hotdog,4.5,231.0
959,nM9NwHXy3EadihjJTG2i5w,330,37,32,37,31,33,27,25,23,23,24,28,10,Pancho's Vegan Tacos,Las Vegas,NV, mexican vegan,4.5,740.0
960,nPBG-UbMHDMdcnW-HncZNA,873,70,80,111,96,75,91,62,74,97,58,41,18,Wing King,Las Vegas,NV, chicken_wings burgers pizza,4.0,673.0
961,nT16Y6AsJDwEpUB1JICKzg,220,5,10,21,22,27,18,45,29,19,10,11,3,St Lawrence Market,Toronto,ON, farmersmarket,4.5,567.0
962,nUpz0YiBsOK7ff9k3vUJ3A,327,23,21,29,42,23,36,23,33,25,33,26,13,Buddy V's Ristorante,Las Vegas,NV, italian tradamerican breakfast_brunch,4.0,2146.0
963,nVAJZ6BJ9PPlxDXn976R6A,313,23,23,32,19,33,26,31,32,28,31,23,12,In-N-Out Burger,Las Vegas,NV, hotdogs burgers,4.0,1168.0
964,nW85DZuwHN6v-d3l54BOsQ,477,69,53,56,69,51,40,29,42,40,28,0,0,Chatime,Las Vegas,NV, coffee bubbletea desserts,4.5,269.0
965,na4Th5DrNauOv-c43QQFvA,1650,176,160,167,180,115,137,146,110,114,109,158,78,Bellagio Hotel,Las Vegas,NV, hotels casinos resorts,3.5,3723.0
966,nbQH8MXjxqsDzHRNTZ8esQ,204,17,17,15,10,11,24,18,11,15,31,21,14,zuma,Las Vegas,NV, japanese sushi bars,4.0,495.0
968,nepZ1HPAgBqw0TgJWbSgOA,511,41,20,24,48,44,39,58,55,53,52,58,19,Sin City Smokers Barbecue and Catering,Las Vegas,NV, bbq,4.5,466.0
969,ngs16C2M_uTq2zXamltHVw,229,30,27,19,16,18,27,16,21,13,13,21,8,Jessie Raes BBQ,Las Vegas,NV, bbq,4.5,935.0
970,nizlIF4pl2_6zZkFITBApA,2606,29,202,247,217,250,235,251,285,318,267,233,72,Crumbl Cookies - Las Vegas,Las Vegas,NV, bakeries desserts icecream,4.5,510.0
972,nry8dee2hjMyY3odd0AUZw,271,74,53,14,9,14,23,26,15,8,5,25,5,Sawaddee Thai Restaurant,Las Vegas,NV, thai,4.5,366.0
975,o5eNRTaxoMUY2fprlT7wFg,355,20,114,56,45,27,17,24,14,17,13,8,0,Texas Meltz,Las Vegas,NV, sandwiches hotdogs bbq,4.5,241.0
976,o7AiTlyWUrBSzdz6oMHj5w,521,43,58,47,56,51,51,42,54,27,26,55,11,Excalibur Hotel,Las Vegas,NV, hotels casinos resorts,2.5,3318.0
981,oRbrnRAXGQetQDbkDhJp8w,380,42,44,23,36,32,34,41,30,32,34,27,5,North Italia,Las Vegas,NV, pizza italian breakfast_brunch,4.0,920.0
983,oUX2bYbqjqST-urKbOHG6w,215,28,12,22,29,16,18,26,16,18,11,15,4,Loftti Cafe,Las Vegas,NV, coffee juicebars shavedice,4.5,299.0
985,oXoVJ0xKv82cBo9U6oEjlQ,275,23,19,32,23,26,29,24,27,24,19,25,4,Chayo Mexican Kitchen + Tequila Bar,Las Vegas,NV, bars mexican breakfast_brunch,3.5,1967.0
986,ocLnCE2E29j-CoBQj1yaSA,251,10,15,25,42,33,16,23,24,20,20,21,2,Cafe Landwer,Toronto,ON, cafes breakfast_brunch mediterranean,4.0,313.0
987,odyYR1Bg2bqmp1kVlm8OYw,309,34,33,41,49,24,23,14,9,19,23,30,10,Red Rock Canyon,Las Vegas,NV, hiking rock_climbing mountainbiking,4.5,955.0
989,olmCDBoMF-EhN8U2livBSg,456,28,44,49,46,55,39,32,33,45,22,50,13,Freed's Bakery,Las Vegas,NV, bakeries desserts cupcakes,4.0,1230.0
992,osu1j_Lg8R9brpuMMn3a3A,238,24,34,26,14,16,27,14,24,13,17,24,5,Fogo de Chao Brazilian Steakhouse,Las Vegas,NV, brazilian steak,4.0,1380.0
994,owsVSnllxn994EpBR8ZFwQ,865,75,61,72,83,98,81,60,68,91,86,63,27,EōS Fitness,Las Vegas,NV, gyms healthtrainers cardioclasses,3.5,626.0
995,oxwGyA17NL6c5t1Etg5WgQ,206,19,24,15,21,19,20,9,16,15,20,22,6,Fry's Electronics,Las Vegas,NV, electronics mobilephones computers,2.5,589.0
997,ozEDKl0tZw5ob1evx41gcQ,354,38,32,46,36,23,35,28,29,17,24,31,15,Big Dog's Draft House,Las Vegas,NV, tradamerican breweries pizza,4.0,563.0
998,p0iEUamJVp_QpaheE-Nz_g,1163,107,93,122,101,97,94,97,103,105,93,110,41,"South Point Hotel, Casino & Spa",Las Vegas,NV, hotels casinos,3.5,1840.0
999,pH0BLkL4cbxKzu471VZnuA,447,58,24,60,24,40,32,51,36,39,31,36,16,SUSHISAMBA - Las Vegas,Las Vegas,NV, asianfusion bars sushi,4.0,2683.0
1000,pHJu8tj3sI8eC5aIHLFEfQ,291,35,22,22,19,17,23,34,29,25,29,21,15,Nora's Italian Cuisine,Las Vegas,NV, italian pizza bars,4.0,1825.0
1002,pRmb8_tAP5y4YPt_viL07g,204,20,17,17,13,18,17,16,24,18,16,20,8,Whole Foods Market,Las Vegas,NV, grocery organic_stores healthmarkets,3.5,310.0
1006,pezol8VxjOwRuQtz-GDiUw,1224,92,73,78,129,158,122,150,143,103,79,76,21,Eggscellent,Las Vegas,NV, breakfast_brunch burgers tradamerican,4.5,528.0
1008,poYsvuOmVDqF4dTnjJ780A,418,30,43,45,37,29,30,38,40,36,36,46,8,TIABI Coffee & Waffle Bar,Las Vegas,NV, desserts coffee cafes,4.5,1180.0
1009,ppobG2P-YmqTPy0s4MTRtA,405,26,22,29,19,36,37,48,46,44,48,43,7,The Smashed Pig Gastropub,Las Vegas,NV, gastropubs newamerican tradamerican,4.5,627.0
1011,pwdZMC9Q2QH2uNbUj3NDeA,318,40,39,23,32,41,20,26,27,31,17,22,0,Shinya Maru Ramen & Izakaya,Las Vegas,NV, ramen izakaya,4.0,280.0
1012,px_BoTnajsldEWCHioDczA,488,0,0,0,2,188,83,59,43,41,27,35,10,Happy Lemon,Las Vegas,NV, bubbletea juicebars tea,4.0,143.0
1013,pyqnGlIfP9Zw8LLxBjyAiA,299,37,26,24,26,22,28,34,22,27,16,26,11,Nobu Restaurant - Temporarily Closed,Las Vegas,NV, japanese sushi seafood,4.0,1254.0
1016,q18xbq3Cbyp_BJyfMQxFxg,279,23,17,30,25,25,32,34,14,15,25,32,7,M&M's World,Las Vegas,NV, chocolate candy,4.0,933.0
1018,q3IEuy9YPsHh0hpqX1HJZw,349,0,4,21,18,18,16,8,74,86,86,17,1,Sushi Zone,Las Vegas,NV, sushi,4.5,162.0
1019,q3YnYPjLuBGRDi_59yTC5g,316,38,35,31,28,18,23,29,19,31,31,21,12,Sidestreet Pho and Grill,Las Vegas,NV, vietnamese,4.0,715.0
1020,q3dJQtwZQrrurNT-1bNKgQ,407,42,44,35,52,32,37,27,31,31,37,28,11,Capo's Restaurant & Speakeasy,Las Vegas,NV, italian steak speakeasies,4.0,1701.0
1021,q3oJ6bNRV3OoJrwc95GOwg,435,38,36,49,28,54,39,50,32,31,39,26,13,Dirt Dog - Las Vegas,Las Vegas,NV, hotdog,4.5,1808.0
1022,qNU4Aw0cjyOyhT6QkEraEA,208,15,22,14,16,15,15,24,25,17,20,15,10,Smog Busters,Las Vegas,NV, smog_check_stations,4.5,74.0
1024,qRymrsLmlA34bC8PvNoujg,209,15,15,14,23,31,20,13,21,18,25,11,3,Market Grille Cafe,Las Vegas,NV, greek mediterranean italian,4.0,705.0
1025,qVO3l9Q0-KVQE7W9JL9ePw,265,24,24,24,18,20,16,25,22,28,28,24,12,Greenland Supermarket,Las Vegas,NV, intlgrocery,4.0,358.0
1026,qXXVNNf8QU6UghJJGpo7uA,215,25,27,17,16,10,21,22,30,13,13,13,8,Purrfect Auto Service,Las Vegas,NV, autorepair oilchange smog_check_stations,3.5,208.0
1030,qjnJFZtsY_nfRzoL3J_UWQ,778,56,71,74,82,60,73,69,66,64,72,66,25,New York New York Hotel & Casino,Las Vegas,NV, hotels casinos resorts,3.0,2312.0
1031,qkyCuFJF2Uboh6n2Lmuwlg,251,26,18,24,21,28,18,25,19,20,25,18,9,Lee's Sandwiches,Las Vegas,NV, sandwiches coffee vietnamese,3.0,821.0
1033,rHsZF5FLJU3d_-Qh-2odRQ,239,28,29,31,9,31,34,23,10,13,17,11,3,Aliante Dental,Las Vegas,NV, generaldentistry,3.5,229.0
1034,rJgyGHHKbl2n5IoYsboZUw,518,31,24,17,26,90,99,32,33,46,73,30,17,Ramen Arashi,Las Vegas,NV, ramen,4.5,216.0
1035,rTZVcJZ8G80i6NjLw0SW8Q,386,27,25,53,28,25,35,41,39,32,34,31,16,Silverton Casino,Las Vegas,NV, hotels casinos,3.0,653.0
1036,rXwU4v7pR1w1jrBIYWgy8Q,347,42,47,39,34,22,32,33,25,27,22,20,4,Hanu Korean BBQ,Las Vegas,NV, korean bbq,4.5,508.0
1037,rZDi46tdwQoSAmxU50xiQQ,271,12,17,24,31,20,23,35,36,24,18,27,4,Santa Fe Station Hotel and Casino,Las Vegas,NV, hotels casinos,2.5,349.0
1038,rZpESBojl8dTTWp6EwlEBQ,309,17,20,43,43,29,33,25,24,27,28,13,7,The Waterman Fish Bar,Charlotte,NC, seafood,4.0,349.0
1040,rbcfYmJtqwIkk17IeOI5Kw,274,28,28,23,27,21,24,29,28,21,16,18,11,BARDOT Brasserie - Temporarily Closed,Las Vegas,NV, french brasseries steak,4.0,1175.0
1041,rcaPajgKOJC2vo_l3xa42A,497,42,42,48,44,46,35,43,29,52,51,45,20,Bouchon,Las Vegas,NV, french breakfast_brunch cocktailbars,4.0,4204.0
1042,rdE9gg0WB7Z8kRytIMSapg,498,52,44,52,52,41,39,42,34,45,37,51,9,Lazy Dog Restaurant & Bar,Las Vegas,NV, newamerican comfortfood burgers,4.5,1572.0
1045,rioQ_p2pILNbJ4Xp5jW6-Q,326,32,30,46,31,27,30,27,19,17,25,35,7,Downtown Container Park,Las Vegas,NV, shoppingcenters,4.0,892.0
1047,rkH_CkTZBKOv2q0kAq5M_A,411,50,34,26,18,25,38,33,31,40,38,36,42,House of Blues Restaurant & Bar,Las Vegas,NV, newamerican burgers bbq,4.0,405.0
1048,rmRqq0CEqEeoVu3DVnibjw,366,31,37,40,40,16,19,23,33,49,29,32,17,Luxury Thai Spa Massage,Las Vegas,NV, spas massage skincare,4.5,444.0
1051,rqWIntPaV8TpJvgT6H9UNw,537,60,46,72,47,61,43,43,50,35,31,44,5,Kung Fu Tea,Las Vegas,NV, bubbletea coffee juicebars,4.0,317.0
1052,s7WZTJQxs5MR9HSHQyg7rw,799,21,55,61,61,65,59,41,93,95,112,107,29,McCarran International Airport Terminal 1 - D,Las Vegas,NV, airportterminals,3.0,86.0
1054,sAZGdlYTp41UWEjHdeZrWg,612,42,81,85,65,65,52,39,47,36,48,37,15,Cheba Hut Toasted Subs,Las Vegas,NV, sandwiches beer_and_wine catering,4.5,369.0
1055,sCcTxcxzcVHKVHt29BM6LQ,604,0,0,6,44,55,32,22,64,297,35,29,20,88 Noodle Papa,Las Vegas,NV, hkcafe noodles soup,4.5,154.0
1056,sH3UsolKjik01u0HlQ9_0Q,259,21,31,26,17,22,27,25,25,21,20,14,10,Three Amigos Mexican Restaurant and Cantina,Charlotte,NC, mexican,4.0,491.0
1058,sKA6EOpxvBtCg7Ipuhl1RQ,803,83,70,80,74,80,68,66,83,58,56,52,33,Sapporo Revolving Sushi,Las Vegas,NV, sushi conveyorsushi,4.5,1151.0
1060,sNVGdeOPeitJ3OWUQBINzQ,364,28,30,34,28,24,32,40,38,28,29,40,13,BabyStacks Cafe,Las Vegas,NV, breakfast_brunch cafes filipino,4.0,1542.0
1061,saijdv-vXJrvsCfvr7SZOw,458,45,23,60,39,32,27,52,45,51,25,44,15,Katsuya,Toronto,ON, japanese asianfusion,4.5,403.0
1063,siuAD-vFRYAjozc332wq3g,214,11,31,9,27,26,25,20,21,22,15,6,1,Americana,Las Vegas,NV, newamerican,4.5,535.0
1064,sjJOsKnXxsQodXMr1i8fsg,206,11,16,9,10,13,28,33,27,20,11,16,12,Levi's Jeans at Toronto Eaton Center,Toronto,ON, shoppingcenters,3.5,287.0
1065,sk0stgY4NDJYOX1MbNJ3Pg,744,103,92,132,69,27,40,17,32,83,57,76,16,T-Mobile Arena - Temporarily Closed,Las Vegas,NV, stadiumsarenas musicvenues,3.5,588.0
1066,sn5oL6Cd2l2IoTGk-M-FBg,548,0,28,158,79,78,48,38,42,31,25,13,8,Sizzle Hut,Las Vegas,NV, japanese steak seafood,4.0,137.0
1068,spCzs32TMQpRCJbJfArZng,285,24,28,21,25,36,23,33,28,26,16,21,4,IKEA - Cafe,Las Vegas,NV, cafeteria,3.5,215.0
1069,sqRX-XLlhx4rs2c1TpBf8A,329,31,28,27,25,27,28,22,44,23,27,32,15,Raku,Las Vegas,NV, japanese,4.5,1639.0
1071,svdEhLmNmpVaIv1WLtoOvQ,309,27,19,34,29,32,23,30,22,23,26,23,21,Tacos & Beer,Las Vegas,NV, bars mexican latin,4.5,1509.0
1072,szL4LjaGZpmsLjQ5ALmaQA,244,17,33,22,22,18,20,14,19,17,22,27,13,Starbucks,Las Vegas,NV, coffee,2.5,169.0
1074,t-o_Sraneime4DDhWrQRBA,977,65,92,61,91,73,89,102,80,112,75,95,42,Wynn Las Vegas,Las Vegas,NV, hotels casinos resorts,4.0,3138.0
1078,tdE6kTpUMXWjrGicRrGuqQ,246,0,0,0,6,99,45,52,30,14,0,0,0,Captain6 Seafood House,Las Vegas,NV, seafood,4.5,110.0
1079,tft6AyqfmqUidwY75dIwMA,544,0,0,0,2,130,85,77,66,72,54,36,22,Black Rock Coffee Bar,Las Vegas,NV, coffee,4.5,179.0
1080,tgFQQ4AK42geNLEMEioPeQ,372,0,0,0,0,0,0,159,74,44,23,42,30,Kura Revolving Sushi Bar,Las Vegas,NV, sushi conveyorsushi,3.5,230.0
1082,tox8x-lk9KNmGSq-fuNH9Q,927,116,63,83,110,89,81,93,63,77,72,65,15,TSAOCAA TEA SHOP,Las Vegas,NV, bubbletea tea,4.0,257.0
1083,u-3exVNGKE0iJ7nnxS3BbA,396,36,49,48,23,34,50,39,30,25,33,19,10,Cloud Tea,Las Vegas,NV, coffee juicebars bubbletea,4.5,268.0
1089,uGupeWqih0yIcCg8anM1PA,1009,119,103,119,85,67,90,86,72,71,76,92,29,The Palazzo Las Vegas,Las Vegas,NV, hotels casinos resorts,4.0,2771.0
1090,uHUcYpGlcdlu5m7oiZGY6w,215,7,11,22,24,26,23,24,21,16,11,24,6,Max's Restaurant,Las Vegas,NV, filipino seafood breakfast_brunch,3.5,506.0
1091,uI-dbKk_9cUen7pi3-16Sg,209,25,15,21,23,15,15,19,19,18,16,17,6,BJ's Restaurant & Brewhouse,Las Vegas,NV, newamerican breweries pizza,3.5,764.0
1092,uJ5vD6cY3K9Fi1Yh5WlAHQ,380,31,31,35,31,33,34,33,34,34,33,36,15,Albertsons,Las Vegas,NV, drugstores,3.5,64.0
1093,uKONHIVGg_qzpDb3mfTvwA,215,14,26,35,25,20,21,18,11,13,21,8,3,Sabor Latin Street Grill - Uptown,Charlotte,NC, latin,4.0,75.0
1097,uW6UHfONAmm8QttPkbMewQ,545,41,40,48,53,62,61,59,64,32,38,34,13,Island Flavor,Las Vegas,NV, hawaiian,4.0,1963.0
1098,u_vPjx925UPEG9DFOAAvFQ,603,54,68,56,45,50,61,73,42,41,41,54,18,Flamingo Las Vegas Hotel & Casino - Temporarily Closed,Las Vegas,NV, hotels casinos,2.5,3976.0
1099,uanCi4OGc1mHLGl_AT4JhQ,463,35,36,47,48,29,46,44,46,31,32,51,18,Treasure Island,Las Vegas,NV, hotels casinos,3.0,2744.0
1101,uf1Bw8r7f0TFh5drTk_98w,391,55,43,44,24,45,28,18,19,36,28,21,30,Smoked Burgers & BBQ,Las Vegas,NV, bbq burgers cocktailbars,4.5,245.0
1103,uh7DUWtPoZkuEE05fghJ_w,350,42,24,33,33,30,33,20,24,25,36,35,15,Beauty & Essex,Las Vegas,NV, newamerican bars,4.0,1133.0
1104,ujHiaprwCQ5ewziu0Vi9rw,404,49,39,37,31,40,33,33,41,24,27,37,13,The Buffet at Bellagio - Temporarily Closed,Las Vegas,NV, buffets newamerican,3.5,4705.0
1109,uokw7AloQMifp_ePtVdvQg,433,0,0,0,0,0,0,0,0,0,218,178,37,Toasted Gastrobrunch,Las Vegas,NV, breakfast_brunch,4.5,313.0
1112,uuGL8diLlHfeUeFuod3F-w,608,77,63,89,95,88,36,40,36,25,27,27,5,Tom's Urban - Temporarily Closed,Las Vegas,NV, newamerican sportsbars gastropubs,3.5,2082.0
1115,v1AE1LLWDOqe8ubOzqKADg,206,20,22,23,15,24,12,13,20,17,15,16,9,The Original Sunrise Cafe,Las Vegas,NV, breakfast_brunch tradamerican bagels,4.5,1075.0
1117,vD5q-79aiIxeI_H8n4PFcA,237,0,32,51,36,19,20,17,13,13,18,13,5,Sapporo Japanese Steakhouse & Revolving Sushi,Las Vegas,NV, conveyorsushi teppanyaki steak,4.0,304.0
1118,vHz2RLtfUMVRPFmd7VBEHA,1974,169,141,204,144,168,172,200,188,181,163,181,63,Gordon Ramsay Hell's Kitchen - Temporarily Closed,Las Vegas,NV, newamerican,4.5,5262.0
1120,vT812nRctS62PVxUverayw,252,21,31,24,22,12,28,24,21,29,22,15,3,Mordeo Boutique Wine Bar,Las Vegas,NV, wine_bars tapasmallplates spanish,4.5,392.0
1122,vl1aHp6pvnSmpoRQShWLjg,272,28,25,31,20,32,18,23,26,19,23,23,4,Lucille's Smokehouse Bar-B-Que,Las Vegas,NV, bbq southern smokehouse,3.5,790.0
1123,vnvQ0lD9MDje2DFde9PKQA,210,12,14,14,29,20,27,22,18,31,7,9,7,Elara by Hilton Grand Vacations - Center Strip,Las Vegas,NV, hotels,3.5,1040.0
1125,vx4YAA02Qz6khRD1fZ1MFA,372,42,28,35,35,29,33,34,33,29,31,36,7,Ping Pang Pong,Las Vegas,NV, dimsum seafood cantonese,3.5,1254.0
1126,vyzfT3_KzLi8WmInwIVPeg,616,7,43,48,45,36,66,56,46,66,93,78,32,Vegas Discount Nutrition Megastore,Las Vegas,NV, vitaminssupplements healthmarkets,4.5,191.0
1127,w-As0KSwy8pqMClOea-NLQ,476,34,41,50,56,40,39,58,27,35,35,48,13,The Mob Museum,Las Vegas,NV, museums,4.5,1221.0
1128,wJft0Y8B9plFJcfibQl1wg,1727,252,173,185,140,145,132,148,133,117,120,147,35,Eataly - Temporarily Closed,Las Vegas,NV, italian,3.5,869.0
1129,wPGjrXl1W0Bb8m2L7nBAew,328,37,26,31,30,34,19,22,29,18,43,22,17,Pho King Vietnamese Kitchen,Las Vegas,NV, vietnamese soup,4.5,387.0
1140,wkKlpSx3OcoGJiv7p8VZzw,803,107,115,73,73,116,83,79,73,29,22,21,12,Sparrow + Wolf,Las Vegas,NV, newamerican,4.5,748.0
1141,wl31Y12nicmMYjJlUR7VmQ,2124,0,0,0,311,763,241,187,169,145,117,134,57,Tea Maison,Las Vegas,NV, juicebars bubbletea coffee,4.5,217.0
1142,wlo2bgI8ppQx-0-nzOGvJQ,298,30,31,35,31,28,26,31,28,17,10,27,4,Honeymee,Las Vegas,NV, desserts icecream,4.0,117.0
1143,wmId49_BwzfWd3ww6GDMeA,261,32,22,22,13,20,28,22,31,21,17,29,4,"Cleaver -  Butchered Meats, Seafood & Cocktails",Las Vegas,NV, steak seafood cocktailbars,4.5,396.0
1145,wpnLPAnkMEb1NpC3xiD_qg,309,25,19,21,28,23,32,28,38,37,29,25,4,Aloha Specialties,Las Vegas,NV, hawaiian japanese asianfusion,4.0,768.0
1146,wuQDMDlqM17jQNo0lYQZ7g,223,17,18,30,20,26,18,26,18,25,11,9,5,Park on Fremont,Las Vegas,NV, newamerican lounges breakfast_brunch,4.0,1395.0
1147,x1bRIbodhd1AmYa0UAJwZw,375,44,38,56,34,34,23,26,27,27,31,29,6,Bad Owl Coffee Roasters,Las Vegas,NV, coffeeroasteries coffee breakfast_brunch,4.0,334.0
1152,xB7bsOpJbnK9nHEZw1ARDg,538,44,37,71,46,50,52,68,42,46,42,24,16,Napoli Pizzeria,Las Vegas,NV, pizza chicken_wings sandwiches,3.5,674.0
1155,xOd7QPtJvFlUPj2dcvMIGw,241,1,26,30,24,25,29,23,17,29,16,13,8,Barcelona Wine Bar Charlotte,Charlotte,NC, tapas tapasmallplates wine_bars,4.5,319.0
1157,xVEtGucSRLk5pxxN0t4i6g,364,29,29,31,49,38,32,24,33,21,32,27,19,Eiffel Tower,Las Vegas,NV, french steak cocktailbars,4.0,2162.0
1158,xX0kAVShr7UT5nY2YRYIGg,240,34,37,24,22,21,20,19,21,16,15,8,3,Las Vegas Athletic Club,Las Vegas,NV, gyms healthtrainers cardioclasses,3.0,89.0
1160,xaJS4YP0lISl2V5z2qA3GQ,804,58,54,75,56,63,80,68,91,65,86,84,24,Costco,Las Vegas,NV, wholesale_stores,4.0,359.0
1161,xfWdUmrz2ha3rcigyITV0g,1318,116,120,107,136,106,131,132,114,91,100,123,42,Gordon Ramsay Burger - Temporarily Closed,Las Vegas,NV, burgers,4.0,3263.0
1165,xnVkYE3iMp_aZniiCIuD0g,215,3,23,28,13,23,20,26,22,19,16,16,6,AmeriBrunch Cafe,Las Vegas,NV, coffee breakfast_brunch tradamerican,4.5,465.0
1166,xnu43HypkYDuawBEHYn0qA,264,25,22,28,24,29,22,24,22,12,25,23,8,The Beef Jerky Store,Las Vegas,NV, gourmet,4.5,216.0
1167,xtYiHTmunjfCN2sUaQxBjA,661,73,47,58,36,69,57,27,59,58,93,57,27,Rio All-Suite Hotel & Casino - Temporarily Closed,Las Vegas,NV, hotels casinos,2.5,2930.0
1170,y4ETe3DkcIjjr_eyeg5U5g,307,34,24,41,32,27,32,23,21,25,21,24,3,Cornish Pasty,Las Vegas,NV, british pubs,4.5,1116.0
1171,y61xPS0NXp6X8N6F6OQtQg,256,45,39,39,14,38,14,15,11,8,12,12,9,Chanko Shabu & Bar,Las Vegas,NV, japanese bars hotpot,4.5,163.0
1172,y7TV2trR4B9sbgXtyrqv8Q,276,18,10,21,23,26,31,37,29,23,16,27,15,Lucky Penny,Las Vegas,NV, breakfast_brunch steak tradamerican,4.0,300.0
1173,y8d90Pt16Nip-B5UXWBP-w,307,27,28,33,26,26,29,28,39,21,16,27,7,Yard House,Las Vegas,NV, newamerican vegetarian bars,4.0,1100.0
1174,y9ukbhhyYC2qrPSS9eWh5Q,206,17,16,19,23,12,15,18,25,19,11,20,11,The Cromwell - Las Vegas - Temporarily Closed,Las Vegas,NV, casinos,3.5,578.0
1177,yQS7bWaBhhGZJ1zeXku4yA,281,41,15,29,19,30,15,15,28,31,24,24,10,Imm Thai Kitchen,Toronto,ON, thai noodles,4.5,101.0
1178,yQab5dxZzgBLTEHCw9V7_w,4118,317,329,361,347,390,372,368,402,360,398,305,169,Charlotte Douglas International Airport,Charlotte,NC, airports,3.5,2235.0
1181,ybHlmdUHLPKfv85bRK4Wtw,603,74,66,54,60,72,57,39,39,43,44,41,14,Grouchy John's Coffee,Las Vegas,NV, coffee breakfast_brunch bagels,4.5,1195.0
1183,yfxDa8RFOvJPQh0rNtakHA,761,75,68,66,65,70,59,72,69,74,54,61,28,Pho Kim Long,Las Vegas,NV, vietnamese chinese,3.5,3434.0
1184,yg_A_TpYkJjr1fef0J6QkQ,217,22,20,23,17,15,30,24,24,12,17,11,2,Konjiki Ramen,Toronto,ON, ramen,4.0,570.0
1185,ygaOvp0PLBYaYeN9cZAlGg,794,86,70,69,56,77,61,76,75,72,52,76,24,Viet Noodle Bar,Las Vegas,NV, vietnamese bbq soup,4.0,1335.0
1186,yhgUyctWczUN13MinNgZ3w,285,19,39,52,27,20,21,18,24,17,13,24,11,Westgate Las Vegas Resort & Casino,Las Vegas,NV, casinos resorts,2.0,1995.0
1187,ynmTXY9yJDiNkO4HUmxRSQ,224,32,24,17,15,14,17,18,26,17,15,24,5,KaKa All You Can Eat,Toronto,ON, japanese sushi,3.5,219.0
1189,ysv6yhVYOoH9Pf7PlMyD0g,407,42,28,40,39,35,42,40,42,25,28,32,14,Wahlburgers,Las Vegas,NV, tradamerican burgers,3.5,1897.0
1191,z2CVPfaG8C_rydUZCcsqbw,295,45,25,28,29,32,19,20,29,18,15,23,12,Ramen Hashi,Las Vegas,NV, ramen,4.5,480.0
1193,z4sQ6HhRJUAnxm9mVJHkAg,386,90,79,77,24,18,13,24,13,8,23,12,5,Cheba Hut Durango,Las Vegas,NV, sandwiches,4.5,161.0
1194,z5J9U_HU4iVLwaCH6rdC2w,209,19,16,20,16,25,19,24,21,15,18,11,5,Lo-Lo's Chicken and Waffles,Las Vegas,NV, soulfood chickenshop breakfast_brunch,3.0,1366.0
1196,z7GAft_JrFNmAH5xbVeYSA,765,60,73,80,83,72,48,70,89,58,62,48,22,Southwest Airlines,Las Vegas,NV, airlines,3.0,763.0
1198,zFGqtqlZXQYYhBozM_ZpOw,395,43,27,43,35,39,36,46,37,33,25,22,9,TruFusion,Las Vegas,NV, pilates yoga cyclingclasses,4.5,301.0
1199,zK7sltLeRRioqYwgLiWUIA,456,39,34,67,40,29,37,45,42,48,36,29,10,"Flippin' Good Chicken, Burgers, Beer",Las Vegas,NV, burgers desserts,4.0,728.0
1200,zRqi6L1u-YmmVAHjeUbGMQ,265,20,17,31,20,32,20,22,26,32,15,26,4,SkinnyFATS,Las Vegas,NV, newamerican beerbar sandwiches,4.5,1260.0
1202,zXPCg2ZODobckHwvZGjuCw,292,0,0,0,0,0,30,84,53,45,45,26,9,Bluebei Sushi & Grill,Las Vegas,NV, sushi japanese,4.5,180.0
1203,zY-1U4rMVjMN_7gCjXJvow,228,0,13,2,15,69,49,35,15,4,15,11,0,Vegas Discount Nutrition Superstore,Las Vegas,NV, vitaminssupplements healthmarkets,4.0,3.0
1204,zaxK3ea92mvEBRy-jttngg,460,27,25,52,35,42,38,84,32,29,31,45,20,Virgil's Real BBQ - Las Vegas,Las Vegas,NV, bars bbq breakfast_brunch,4.0,696.0
1206,zgQHtqX0gqMw1nlBZl2VnQ,497,7,11,45,81,44,48,44,47,41,63,52,14,Momofuku Noodle Bar,Toronto,ON, ramen noodles,3.0,1031.0
1207,zhj1rDmdmliip6PMYudQug,341,14,24,38,32,53,36,42,36,21,22,16,7,Pedi Lounge N Nails,Las Vegas,NV, waxing othersalons eyelashservice,4.5,340.0
1210,zx_j6OuuHHa2afVoAZuLpA,241,31,22,33,31,18,26,19,9,16,17,13,6,what's Crepe,Las Vegas,NV, creperies desserts waffles,4.5,218.0
